[     101ms] [INFO] %cDownload the React DevTools for a better development experience: https://react.dev/link/react-devtools font-weight:bold @ http://localhost:3000/_next/static/chunks/08.h_next_dist_0ggglf.._.js:2477
[     115ms] [LOG] [HMR] connected @ http://localhost:3000/_next/static/chunks/08.h_next_dist_0ggglf.._.js:2477
[     151ms] [ERROR] Failed to fetch applications: TypeError: Cannot read properties of null (reading 'from')
    at fetchApplications (http://localhost:3000/_next/static/chunks/spontus_src_0yx5wbe._.js:1547:196)
    at ApplicationsProvider.useEffect (http://localhost:3000/_next/static/chunks/spontus_src_0yx5wbe._.js:1559:13)
    at Object.react_stack_bottom_frame (http://localhost:3000/_next/static/chunks/08.h_next_dist_compiled_react-dom_007fiar._.js:15087:22)
    at runWithFiberInDEV (http://localhost:3000/_next/static/chunks/08.h_next_dist_compiled_react-dom_007fiar._.js:965:74)
    at commitHookEffectListMount (http://localhost:3000/_next/static/chunks/08.h_next_dist_compiled_react-dom_007fiar._.js:7255:167)
    at commitHookPassiveMountEffects (http://localhost:3000/_next/static/chunks/08.h_next_dist_compiled_react-dom_007fiar._.js:7290:60)
    at commitPassiveMountOnFiber (http://localhost:3000/_next/static/chunks/08.h_next_dist_compiled_react-dom_007fiar._.js:8689:33)
    at recursivelyTraversePassiveMountEffects (http://localhost:3000/_next/static/chunks/08.h_next_dist_compiled_react-dom_007fiar._.js:8676:316)
    at commitPassiveMountOnFiber (http://localhost:3000/_next/static/chunks/08.h_next_dist_compiled_react-dom_007fiar._.js:8750:17)
    at recursivelyTraversePassiveMountEffects (http://localhost:3000/_next/static/chunks/08.h_next_dist_compiled_react-dom_007fiar._.js:8676:316)
    at commitPassiveMountOnFiber (http://localhost:3000/_next/static/chunks/08.h_next_dist_compiled_react-dom_007fiar._.js:8688:17)
    at recursivelyTraversePassiveMountEffects (http://localhost:3000/_next/static/chunks/08.h_next_dist_compiled_react-dom_007fiar._.js:8676:316)
    at commitPassiveMountOnFiber (http://localhost:3000/_next/static/chunks/08.h_next_dist_compiled_react-dom_007fiar._.js:8688:17)
    at recursivelyTraversePassiveMountEffects (http://localhost:3000/_next/static/chunks/08.h_next_dist_compiled_react-dom_007fiar._.js:8676:316)
    at commitPassiveMountOnFiber (http://localhost:3000/_next/static/chunks/08.h_next_dist_compiled_react-dom_007fiar._.js:8750:17)
    at recursivelyTraversePassiveMountEffects (http://localhost:3000/_next/static/chunks/08.h_next_dist_compiled_react-dom_007fiar._.js:8676:316)
    at commitPassiveMountOnFiber (http://localhost:3000/_next/static/chunks/08.h_next_dist_compiled_react-dom_007fiar._.js:8750:17)
    at recursivelyTraversePassiveMountEffects (http://localhost:3000/_next/static/chunks/08.h_next_dist_compiled_react-dom_007fiar._.js:8676:316)
    at commitPassiveMountOnFiber (http://localhost:3000/_next/static/chunks/08.h_next_dist_compiled_react-dom_007fiar._.js:8750:17)
    at recursivelyTraversePassiveMountEffects (http://localhost:3000/_next/static/chunks/08.h_next_dist_compiled_react-dom_007fiar._.js:8676:316)
    at commitPassiveMountOnFiber (http://localhost:3000/_next/static/chunks/08.h_next_dist_compiled_react-dom_007fiar._.js:8688:17)
    at recursivelyTraversePassiveMountEffects (http://localhost:3000/_next/static/chunks/08.h_next_dist_compiled_react-dom_007fiar._.js:8676:316)
    at commitPassiveMountOnFiber (http://localhost:3000/_next/static/chunks/08.h_next_dist_compiled_react-dom_007fiar._.js:8688:17)
    at recursivelyTraversePassiveMountEffects (http://localhost:3000/_next/static/chunks/08.h_next_dist_compiled_react-dom_007fiar._.js:8676:316)
    at commitPassiveMountOnFiber (http://localhost:3000/_next/static/chunks/08.h_next_dist_compiled_react-dom_007fiar._.js:8693:17)
    at recursivelyTraversePassiveMountEffects (http://localhost:3000/_next/static/chunks/08.h_next_dist_compiled_react-dom_007fiar._.js:8676:316)
    at commitPassiveMountOnFiber (http://localhost:3000/_next/static/chunks/08.h_next_dist_compiled_react-dom_007fiar._.js:8688:17)
    at recursivelyTraversePassiveMountEffects (http://localhost:3000/_next/static/chunks/08.h_next_dist_compiled_react-dom_007fiar._.js:8676:316)
    at commitPassiveMountOnFiber (http://localhost:3000/_next/static/chunks/08.h_next_dist_compiled_react-dom_007fiar._.js:8693:17)
    at recursivelyTraversePassiveMountEffects (http://localhost:3000/_next/static/chunks/08.h_next_dist_compiled_react-dom_007fiar._.js:8676:316)
    at commitPassiveMountOnFiber (http://localhost:3000/_next/static/chunks/08.h_next_dist_compiled_react-dom_007fiar._.js:8688:17)
    at recursivelyTraversePassiveMountEffects (http://localhost:3000/_next/static/chunks/08.h_next_dist_compiled_react-dom_007fiar._.js:8676:316)
    at commitPassiveMountOnFiber (http://localhost:3000/_next/static/chunks/08.h_next_dist_compiled_react-dom_007fiar._.js:8688:17)
    at recursivelyTraversePassiveMountEffects (http://localhost:3000/_next/static/chunks/08.h_next_dist_compiled_react-dom_007fiar._.js:8676:316)
    at commitPassiveMountOnFiber (http://localhost:3000/_next/static/chunks/08.h_next_dist_compiled_react-dom_007fiar._.js:8693:17)
    at recursivelyTraversePassiveMountEffects (http://localhost:3000/_next/static/chunks/08.h_next_dist_compiled_react-dom_007fiar._.js:8676:316)
    at commitPassiveMountOnFiber (http://localhost:3000/_next/static/chunks/08.h_next_dist_compiled_react-dom_007fiar._.js:8688:17)
    at recursivelyTraversePassiveMountEffects (http://localhost:3000/_next/static/chunks/08.h_next_dist_compiled_react-dom_007fiar._.js:8676:316)
    at commitPassiveMountOnFiber (http://localhost:3000/_next/static/chunks/08.h_next_dist_compiled_react-dom_007fiar._.js:8750:17)
    at recursivelyTraversePassiveMountEffects (http://localhost:3000/_next/static/chunks/08.h_next_dist_compiled_react-dom_007fiar._.js:8676:316)
    at commitPassiveMountOnFiber (http://localhost:3000/_next/static/chunks/08.h_next_dist_compiled_react-dom_007fiar._.js:8750:17)
    at recursivelyTraversePassiveMountEffects (http://localhost:3000/_next/static/chunks/08.h_next_dist_compiled_react-dom_007fiar._.js:8676:316)
    at commitPassiveMountOnFiber (http://localhost:3000/_next/static/chunks/08.h_next_dist_compiled_react-dom_007fiar._.js:8750:17)
    at recursivelyTraversePassiveMountEffects (http://localhost:3000/_next/static/chunks/08.h_next_dist_compiled_react-dom_007fiar._.js:8676:316)
    at commitPassiveMountOnFiber (http://localhost:3000/_next/static/chunks/08.h_next_dist_compiled_react-dom_007fiar._.js:8750:17)
    at recursivelyTraversePassiveMountEffects (http://localhost:3000/_next/static/chunks/08.h_next_dist_compiled_react-dom_007fiar._.js:8676:316)
    at commitPassiveMountOnFiber (http://localhost:3000/_next/static/chunks/08.h_next_dist_compiled_react-dom_007fiar._.js:8750:17)
    at recursivelyTraversePassiveMountEffects (http://localhost:3000/_next/static/chunks/08.h_next_dist_compiled_react-dom_007fiar._.js:8676:316)
    at commitPassiveMountOnFiber (http://localhost:3000/_next/static/chunks/08.h_next_dist_compiled_react-dom_007fiar._.js:8750:17)
    at recursivelyTraversePassiveMountEffects (http://localhost:3000/_next/static/chunks/08.h_next_dist_compiled_react-dom_007fiar._.js:8676:316) @ http://localhost:3000/_next/static/chunks/08.h_next_dist_0ggglf.._.js:3318
[   18217ms] [INFO] %cDownload the React DevTools for a better development experience: https://react.dev/link/react-devtools font-weight:bold @ http://localhost:3000/_next/static/chunks/08.h_next_dist_0ggglf.._.js:2477
[   18227ms] [LOG] [HMR] connected @ http://localhost:3000/_next/static/chunks/08.h_next_dist_0ggglf.._.js:2477
[   18255ms] [ERROR] Failed to fetch applications: TypeError: Cannot read properties of null (reading 'from')
    at fetchApplications (http://localhost:3000/_next/static/chunks/spontus_src_0yx5wbe._.js:1547:196)
    at ApplicationsProvider.useEffect (http://localhost:3000/_next/static/chunks/spontus_src_0yx5wbe._.js:1559:13)
    at Object.react_stack_bottom_frame (http://localhost:3000/_next/static/chunks/08.h_next_dist_compiled_react-dom_007fiar._.js:15087:22)
    at runWithFiberInDEV (http://localhost:3000/_next/static/chunks/08.h_next_dist_compiled_react-dom_007fiar._.js:965:74)
    at commitHookEffectListMount (http://localhost:3000/_next/static/chunks/08.h_next_dist_compiled_react-dom_007fiar._.js:7255:167)
    at commitHookPassiveMountEffects (http://localhost:3000/_next/static/chunks/08.h_next_dist_compiled_react-dom_007fiar._.js:7290:60)
    at commitPassiveMountOnFiber (http://localhost:3000/_next/static/chunks/08.h_next_dist_compiled_react-dom_007fiar._.js:8689:33)
    at recursivelyTraversePassiveMountEffects (http://localhost:3000/_next/static/chunks/08.h_next_dist_compiled_react-dom_007fiar._.js:8676:316)
    at commitPassiveMountOnFiber (http://localhost:3000/_next/static/chunks/08.h_next_dist_compiled_react-dom_007fiar._.js:8750:17)
    at recursivelyTraversePassiveMountEffects (http://localhost:3000/_next/static/chunks/08.h_next_dist_compiled_react-dom_007fiar._.js:8676:316)
    at commitPassiveMountOnFiber (http://localhost:3000/_next/static/chunks/08.h_next_dist_compiled_react-dom_007fiar._.js:8688:17)
    at recursivelyTraversePassiveMountEffects (http://localhost:3000/_next/static/chunks/08.h_next_dist_compiled_react-dom_007fiar._.js:8676:316)
    at commitPassiveMountOnFiber (http://localhost:3000/_next/static/chunks/08.h_next_dist_compiled_react-dom_007fiar._.js:8688:17)
    at recursivelyTraversePassiveMountEffects (http://localhost:3000/_next/static/chunks/08.h_next_dist_compiled_react-dom_007fiar._.js:8676:316)
    at commitPassiveMountOnFiber (http://localhost:3000/_next/static/chunks/08.h_next_dist_compiled_react-dom_007fiar._.js:8750:17)
    at recursivelyTraversePassiveMountEffects (http://localhost:3000/_next/static/chunks/08.h_next_dist_compiled_react-dom_007fiar._.js:8676:316)
    at commitPassiveMountOnFiber (http://localhost:3000/_next/static/chunks/08.h_next_dist_compiled_react-dom_007fiar._.js:8750:17)
    at recursivelyTraversePassiveMountEffects (http://localhost:3000/_next/static/chunks/08.h_next_dist_compiled_react-dom_007fiar._.js:8676:316)
    at commitPassiveMountOnFiber (http://localhost:3000/_next/static/chunks/08.h_next_dist_compiled_react-dom_007fiar._.js:8750:17)
    at recursivelyTraversePassiveMountEffects (http://localhost:3000/_next/static/chunks/08.h_next_dist_compiled_react-dom_007fiar._.js:8676:316)
    at commitPassiveMountOnFiber (http://localhost:3000/_next/static/chunks/08.h_next_dist_compiled_react-dom_007fiar._.js:8688:17)
    at recursivelyTraversePassiveMountEffects (http://localhost:3000/_next/static/chunks/08.h_next_dist_compiled_react-dom_007fiar._.js:8676:316)
    at commitPassiveMountOnFiber (http://localhost:3000/_next/static/chunks/08.h_next_dist_compiled_react-dom_007fiar._.js:8688:17)
    at recursivelyTraversePassiveMountEffects (http://localhost:3000/_next/static/chunks/08.h_next_dist_compiled_react-dom_007fiar._.js:8676:316)
    at commitPassiveMountOnFiber (http://localhost:3000/_next/static/chunks/08.h_next_dist_compiled_react-dom_007fiar._.js:8693:17)
    at recursivelyTraversePassiveMountEffects (http://localhost:3000/_next/static/chunks/08.h_next_dist_compiled_react-dom_007fiar._.js:8676:316)
    at commitPassiveMountOnFiber (http://localhost:3000/_next/static/chunks/08.h_next_dist_compiled_react-dom_007fiar._.js:8688:17)
    at recursivelyTraversePassiveMountEffects (http://localhost:3000/_next/static/chunks/08.h_next_dist_compiled_react-dom_007fiar._.js:8676:316)
    at commitPassiveMountOnFiber (http://localhost:3000/_next/static/chunks/08.h_next_dist_compiled_react-dom_007fiar._.js:8693:17)
    at recursivelyTraversePassiveMountEffects (http://localhost:3000/_next/static/chunks/08.h_next_dist_compiled_react-dom_007fiar._.js:8676:316)
    at commitPassiveMountOnFiber (http://localhost:3000/_next/static/chunks/08.h_next_dist_compiled_react-dom_007fiar._.js:8688:17)
    at recursivelyTraversePassiveMountEffects (http://localhost:3000/_next/static/chunks/08.h_next_dist_compiled_react-dom_007fiar._.js:8676:316)
    at commitPassiveMountOnFiber (http://localhost:3000/_next/static/chunks/08.h_next_dist_compiled_react-dom_007fiar._.js:8688:17)
    at recursivelyTraversePassiveMountEffects (http://localhost:3000/_next/static/chunks/08.h_next_dist_compiled_react-dom_007fiar._.js:8676:316)
    at commitPassiveMountOnFiber (http://localhost:3000/_next/static/chunks/08.h_next_dist_compiled_react-dom_007fiar._.js:8693:17)
    at recursivelyTraversePassiveMountEffects (http://localhost:3000/_next/static/chunks/08.h_next_dist_compiled_react-dom_007fiar._.js:8676:316)
    at commitPassiveMountOnFiber (http://localhost:3000/_next/static/chunks/08.h_next_dist_compiled_react-dom_007fiar._.js:8688:17)
    at recursivelyTraversePassiveMountEffects (http://localhost:3000/_next/static/chunks/08.h_next_dist_compiled_react-dom_007fiar._.js:8676:316)
    at commitPassiveMountOnFiber (http://localhost:3000/_next/static/chunks/08.h_next_dist_compiled_react-dom_007fiar._.js:8750:17)
    at recursivelyTraversePassiveMountEffects (http://localhost:3000/_next/static/chunks/08.h_next_dist_compiled_react-dom_007fiar._.js:8676:316)
    at commitPassiveMountOnFiber (http://localhost:3000/_next/static/chunks/08.h_next_dist_compiled_react-dom_007fiar._.js:8750:17)
    at recursivelyTraversePassiveMountEffects (http://localhost:3000/_next/static/chunks/08.h_next_dist_compiled_react-dom_007fiar._.js:8676:316)
    at commitPassiveMountOnFiber (http://localhost:3000/_next/static/chunks/08.h_next_dist_compiled_react-dom_007fiar._.js:8750:17)
    at recursivelyTraversePassiveMountEffects (http://localhost:3000/_next/static/chunks/08.h_next_dist_compiled_react-dom_007fiar._.js:8676:316)
    at commitPassiveMountOnFiber (http://localhost:3000/_next/static/chunks/08.h_next_dist_compiled_react-dom_007fiar._.js:8750:17)
    at recursivelyTraversePassiveMountEffects (http://localhost:3000/_next/static/chunks/08.h_next_dist_compiled_react-dom_007fiar._.js:8676:316)
    at commitPassiveMountOnFiber (http://localhost:3000/_next/static/chunks/08.h_next_dist_compiled_react-dom_007fiar._.js:8750:17)
    at recursivelyTraversePassiveMountEffects (http://localhost:3000/_next/static/chunks/08.h_next_dist_compiled_react-dom_007fiar._.js:8676:316)
    at commitPassiveMountOnFiber (http://localhost:3000/_next/static/chunks/08.h_next_dist_compiled_react-dom_007fiar._.js:8750:17)
    at recursivelyTraversePassiveMountEffects (http://localhost:3000/_next/static/chunks/08.h_next_dist_compiled_react-dom_007fiar._.js:8676:316) @ http://localhost:3000/_next/static/chunks/08.h_next_dist_0ggglf.._.js:3318
[   29207ms] [INFO] %cDownload the React DevTools for a better development experience: https://react.dev/link/react-devtools font-weight:bold @ http://localhost:3000/_next/static/chunks/08.h_next_dist_0ggglf.._.js:2477
[   29222ms] [LOG] [HMR] connected @ http://localhost:3000/_next/static/chunks/08.h_next_dist_0ggglf.._.js:2477
[   29251ms] [ERROR] Failed to fetch applications: TypeError: Cannot read properties of null (reading 'from')
    at fetchApplications (http://localhost:3000/_next/static/chunks/spontus_src_0yx5wbe._.js:1547:196)
    at ApplicationsProvider.useEffect (http://localhost:3000/_next/static/chunks/spontus_src_0yx5wbe._.js:1559:13)
    at Object.react_stack_bottom_frame (http://localhost:3000/_next/static/chunks/08.h_next_dist_compiled_react-dom_007fiar._.js:15087:22)
    at runWithFiberInDEV (http://localhost:3000/_next/static/chunks/08.h_next_dist_compiled_react-dom_007fiar._.js:965:74)
    at commitHookEffectListMount (http://localhost:3000/_next/static/chunks/08.h_next_dist_compiled_react-dom_007fiar._.js:7255:167)
    at commitHookPassiveMountEffects (http://localhost:3000/_next/static/chunks/08.h_next_dist_compiled_react-dom_007fiar._.js:7290:60)
    at commitPassiveMountOnFiber (http://localhost:3000/_next/static/chunks/08.h_next_dist_compiled_react-dom_007fiar._.js:8689:33)
    at recursivelyTraversePassiveMountEffects (http://localhost:3000/_next/static/chunks/08.h_next_dist_compiled_react-dom_007fiar._.js:8676:316)
    at commitPassiveMountOnFiber (http://localhost:3000/_next/static/chunks/08.h_next_dist_compiled_react-dom_007fiar._.js:8750:17)
    at recursivelyTraversePassiveMountEffects (http://localhost:3000/_next/static/chunks/08.h_next_dist_compiled_react-dom_007fiar._.js:8676:316)
    at commitPassiveMountOnFiber (http://localhost:3000/_next/static/chunks/08.h_next_dist_compiled_react-dom_007fiar._.js:8688:17)
    at recursivelyTraversePassiveMountEffects (http://localhost:3000/_next/static/chunks/08.h_next_dist_compiled_react-dom_007fiar._.js:8676:316)
    at commitPassiveMountOnFiber (http://localhost:3000/_next/static/chunks/08.h_next_dist_compiled_react-dom_007fiar._.js:8688:17)
    at recursivelyTraversePassiveMountEffects (http://localhost:3000/_next/static/chunks/08.h_next_dist_compiled_react-dom_007fiar._.js:8676:316)
    at commitPassiveMountOnFiber (http://localhost:3000/_next/static/chunks/08.h_next_dist_compiled_react-dom_007fiar._.js:8750:17)
    at recursivelyTraversePassiveMountEffects (http://localhost:3000/_next/static/chunks/08.h_next_dist_compiled_react-dom_007fiar._.js:8676:316)
    at commitPassiveMountOnFiber (http://localhost:3000/_next/static/chunks/08.h_next_dist_compiled_react-dom_007fiar._.js:8750:17)
    at recursivelyTraversePassiveMountEffects (http://localhost:3000/_next/static/chunks/08.h_next_dist_compiled_react-dom_007fiar._.js:8676:316)
    at commitPassiveMountOnFiber (http://localhost:3000/_next/static/chunks/08.h_next_dist_compiled_react-dom_007fiar._.js:8750:17)
    at recursivelyTraversePassiveMountEffects (http://localhost:3000/_next/static/chunks/08.h_next_dist_compiled_react-dom_007fiar._.js:8676:316)
    at commitPassiveMountOnFiber (http://localhost:3000/_next/static/chunks/08.h_next_dist_compiled_react-dom_007fiar._.js:8688:17)
    at recursivelyTraversePassiveMountEffects (http://localhost:3000/_next/static/chunks/08.h_next_dist_compiled_react-dom_007fiar._.js:8676:316)
    at commitPassiveMountOnFiber (http://localhost:3000/_next/static/chunks/08.h_next_dist_compiled_react-dom_007fiar._.js:8688:17)
    at recursivelyTraversePassiveMountEffects (http://localhost:3000/_next/static/chunks/08.h_next_dist_compiled_react-dom_007fiar._.js:8676:316)
    at commitPassiveMountOnFiber (http://localhost:3000/_next/static/chunks/08.h_next_dist_compiled_react-dom_007fiar._.js:8693:17)
    at recursivelyTraversePassiveMountEffects (http://localhost:3000/_next/static/chunks/08.h_next_dist_compiled_react-dom_007fiar._.js:8676:316)
    at commitPassiveMountOnFiber (http://localhost:3000/_next/static/chunks/08.h_next_dist_compiled_react-dom_007fiar._.js:8688:17)
    at recursivelyTraversePassiveMountEffects (http://localhost:3000/_next/static/chunks/08.h_next_dist_compiled_react-dom_007fiar._.js:8676:316)
    at commitPassiveMountOnFiber (http://localhost:3000/_next/static/chunks/08.h_next_dist_compiled_react-dom_007fiar._.js:8693:17)
    at recursivelyTraversePassiveMountEffects (http://localhost:3000/_next/static/chunks/08.h_next_dist_compiled_react-dom_007fiar._.js:8676:316)
    at commitPassiveMountOnFiber (http://localhost:3000/_next/static/chunks/08.h_next_dist_compiled_react-dom_007fiar._.js:8688:17)
    at recursivelyTraversePassiveMountEffects (http://localhost:3000/_next/static/chunks/08.h_next_dist_compiled_react-dom_007fiar._.js:8676:316)
    at commitPassiveMountOnFiber (http://localhost:3000/_next/static/chunks/08.h_next_dist_compiled_react-dom_007fiar._.js:8688:17)
    at recursivelyTraversePassiveMountEffects (http://localhost:3000/_next/static/chunks/08.h_next_dist_compiled_react-dom_007fiar._.js:8676:316)
    at commitPassiveMountOnFiber (http://localhost:3000/_next/static/chunks/08.h_next_dist_compiled_react-dom_007fiar._.js:8693:17)
    at recursivelyTraversePassiveMountEffects (http://localhost:3000/_next/static/chunks/08.h_next_dist_compiled_react-dom_007fiar._.js:8676:316)
    at commitPassiveMountOnFiber (http://localhost:3000/_next/static/chunks/08.h_next_dist_compiled_react-dom_007fiar._.js:8688:17)
    at recursivelyTraversePassiveMountEffects (http://localhost:3000/_next/static/chunks/08.h_next_dist_compiled_react-dom_007fiar._.js:8676:316)
    at commitPassiveMountOnFiber (http://localhost:3000/_next/static/chunks/08.h_next_dist_compiled_react-dom_007fiar._.js:8750:17)
    at recursivelyTraversePassiveMountEffects (http://localhost:3000/_next/static/chunks/08.h_next_dist_compiled_react-dom_007fiar._.js:8676:316)
    at commitPassiveMountOnFiber (http://localhost:3000/_next/static/chunks/08.h_next_dist_compiled_react-dom_007fiar._.js:8750:17)
    at recursivelyTraversePassiveMountEffects (http://localhost:3000/_next/static/chunks/08.h_next_dist_compiled_react-dom_007fiar._.js:8676:316)
    at commitPassiveMountOnFiber (http://localhost:3000/_next/static/chunks/08.h_next_dist_compiled_react-dom_007fiar._.js:8750:17)
    at recursivelyTraversePassiveMountEffects (http://localhost:3000/_next/static/chunks/08.h_next_dist_compiled_react-dom_007fiar._.js:8676:316)
    at commitPassiveMountOnFiber (http://localhost:3000/_next/static/chunks/08.h_next_dist_compiled_react-dom_007fiar._.js:8750:17)
    at recursivelyTraversePassiveMountEffects (http://localhost:3000/_next/static/chunks/08.h_next_dist_compiled_react-dom_007fiar._.js:8676:316)
    at commitPassiveMountOnFiber (http://localhost:3000/_next/static/chunks/08.h_next_dist_compiled_react-dom_007fiar._.js:8750:17)
    at recursivelyTraversePassiveMountEffects (http://localhost:3000/_next/static/chunks/08.h_next_dist_compiled_react-dom_007fiar._.js:8676:316)
    at commitPassiveMountOnFiber (http://localhost:3000/_next/static/chunks/08.h_next_dist_compiled_react-dom_007fiar._.js:8750:17)
    at recursivelyTraversePassiveMountEffects (http://localhost:3000/_next/static/chunks/08.h_next_dist_compiled_react-dom_007fiar._.js:8676:316) @ http://localhost:3000/_next/static/chunks/08.h_next_dist_0ggglf.._.js:3318
[   99329ms] [INFO] %cDownload the React DevTools for a better development experience: https://react.dev/link/react-devtools font-weight:bold @ http://localhost:3000/_next/static/chunks/08.h_next_dist_0ggglf.._.js:2477
[   99343ms] [LOG] [HMR] connected @ http://localhost:3000/_next/static/chunks/08.h_next_dist_0ggglf.._.js:2477
[   99380ms] [ERROR] Failed to fetch applications: TypeError: Cannot read properties of null (reading 'from')
    at fetchApplications (http://localhost:3000/_next/static/chunks/spontus_src_0yx5wbe._.js:1547:196)
    at ApplicationsProvider.useEffect (http://localhost:3000/_next/static/chunks/spontus_src_0yx5wbe._.js:1559:13)
    at Object.react_stack_bottom_frame (http://localhost:3000/_next/static/chunks/08.h_next_dist_compiled_react-dom_007fiar._.js:15087:22)
    at runWithFiberInDEV (http://localhost:3000/_next/static/chunks/08.h_next_dist_compiled_react-dom_007fiar._.js:965:74)
    at commitHookEffectListMount (http://localhost:3000/_next/static/chunks/08.h_next_dist_compiled_react-dom_007fiar._.js:7255:167)
    at commitHookPassiveMountEffects (http://localhost:3000/_next/static/chunks/08.h_next_dist_compiled_react-dom_007fiar._.js:7290:60)
    at commitPassiveMountOnFiber (http://localhost:3000/_next/static/chunks/08.h_next_dist_compiled_react-dom_007fiar._.js:8689:33)
    at recursivelyTraversePassiveMountEffects (http://localhost:3000/_next/static/chunks/08.h_next_dist_compiled_react-dom_007fiar._.js:8676:316)
    at commitPassiveMountOnFiber (http://localhost:3000/_next/static/chunks/08.h_next_dist_compiled_react-dom_007fiar._.js:8750:17)
    at recursivelyTraversePassiveMountEffects (http://localhost:3000/_next/static/chunks/08.h_next_dist_compiled_react-dom_007fiar._.js:8676:316)
    at commitPassiveMountOnFiber (http://localhost:3000/_next/static/chunks/08.h_next_dist_compiled_react-dom_007fiar._.js:8688:17)
    at recursivelyTraversePassiveMountEffects (http://localhost:3000/_next/static/chunks/08.h_next_dist_compiled_react-dom_007fiar._.js:8676:316)
    at commitPassiveMountOnFiber (http://localhost:3000/_next/static/chunks/08.h_next_dist_compiled_react-dom_007fiar._.js:8688:17)
    at recursivelyTraversePassiveMountEffects (http://localhost:3000/_next/static/chunks/08.h_next_dist_compiled_react-dom_007fiar._.js:8676:316)
    at commitPassiveMountOnFiber (http://localhost:3000/_next/static/chunks/08.h_next_dist_compiled_react-dom_007fiar._.js:8750:17)
    at recursivelyTraversePassiveMountEffects (http://localhost:3000/_next/static/chunks/08.h_next_dist_compiled_react-dom_007fiar._.js:8676:316)
    at commitPassiveMountOnFiber (http://localhost:3000/_next/static/chunks/08.h_next_dist_compiled_react-dom_007fiar._.js:8750:17)
    at recursivelyTraversePassiveMountEffects (http://localhost:3000/_next/static/chunks/08.h_next_dist_compiled_react-dom_007fiar._.js:8676:316)
    at commitPassiveMountOnFiber (http://localhost:3000/_next/static/chunks/08.h_next_dist_compiled_react-dom_007fiar._.js:8750:17)
    at recursivelyTraversePassiveMountEffects (http://localhost:3000/_next/static/chunks/08.h_next_dist_compiled_react-dom_007fiar._.js:8676:316)
    at commitPassiveMountOnFiber (http://localhost:3000/_next/static/chunks/08.h_next_dist_compiled_react-dom_007fiar._.js:8688:17)
    at recursivelyTraversePassiveMountEffects (http://localhost:3000/_next/static/chunks/08.h_next_dist_compiled_react-dom_007fiar._.js:8676:316)
    at commitPassiveMountOnFiber (http://localhost:3000/_next/static/chunks/08.h_next_dist_compiled_react-dom_007fiar._.js:8688:17)
    at recursivelyTraversePassiveMountEffects (http://localhost:3000/_next/static/chunks/08.h_next_dist_compiled_react-dom_007fiar._.js:8676:316)
    at commitPassiveMountOnFiber (http://localhost:3000/_next/static/chunks/08.h_next_dist_compiled_react-dom_007fiar._.js:8693:17)
    at recursivelyTraversePassiveMountEffects (http://localhost:3000/_next/static/chunks/08.h_next_dist_compiled_react-dom_007fiar._.js:8676:316)
    at commitPassiveMountOnFiber (http://localhost:3000/_next/static/chunks/08.h_next_dist_compiled_react-dom_007fiar._.js:8688:17)
    at recursivelyTraversePassiveMountEffects (http://localhost:3000/_next/static/chunks/08.h_next_dist_compiled_react-dom_007fiar._.js:8676:316)
    at commitPassiveMountOnFiber (http://localhost:3000/_next/static/chunks/08.h_next_dist_compiled_react-dom_007fiar._.js:8693:17)
    at recursivelyTraversePassiveMountEffects (http://localhost:3000/_next/static/chunks/08.h_next_dist_compiled_react-dom_007fiar._.js:8676:316)
    at commitPassiveMountOnFiber (http://localhost:3000/_next/static/chunks/08.h_next_dist_compiled_react-dom_007fiar._.js:8688:17)
    at recursivelyTraversePassiveMountEffects (http://localhost:3000/_next/static/chunks/08.h_next_dist_compiled_react-dom_007fiar._.js:8676:316)
    at commitPassiveMountOnFiber (http://localhost:3000/_next/static/chunks/08.h_next_dist_compiled_react-dom_007fiar._.js:8688:17)
    at recursivelyTraversePassiveMountEffects (http://localhost:3000/_next/static/chunks/08.h_next_dist_compiled_react-dom_007fiar._.js:8676:316)
    at commitPassiveMountOnFiber (http://localhost:3000/_next/static/chunks/08.h_next_dist_compiled_react-dom_007fiar._.js:8693:17)
    at recursivelyTraversePassiveMountEffects (http://localhost:3000/_next/static/chunks/08.h_next_dist_compiled_react-dom_007fiar._.js:8676:316)
    at commitPassiveMountOnFiber (http://localhost:3000/_next/static/chunks/08.h_next_dist_compiled_react-dom_007fiar._.js:8688:17)
    at recursivelyTraversePassiveMountEffects (http://localhost:3000/_next/static/chunks/08.h_next_dist_compiled_react-dom_007fiar._.js:8676:316)
    at commitPassiveMountOnFiber (http://localhost:3000/_next/static/chunks/08.h_next_dist_compiled_react-dom_007fiar._.js:8750:17)
    at recursivelyTraversePassiveMountEffects (http://localhost:3000/_next/static/chunks/08.h_next_dist_compiled_react-dom_007fiar._.js:8676:316)
    at commitPassiveMountOnFiber (http://localhost:3000/_next/static/chunks/08.h_next_dist_compiled_react-dom_007fiar._.js:8750:17)
    at recursivelyTraversePassiveMountEffects (http://localhost:3000/_next/static/chunks/08.h_next_dist_compiled_react-dom_007fiar._.js:8676:316)
    at commitPassiveMountOnFiber (http://localhost:3000/_next/static/chunks/08.h_next_dist_compiled_react-dom_007fiar._.js:8750:17)
    at recursivelyTraversePassiveMountEffects (http://localhost:3000/_next/static/chunks/08.h_next_dist_compiled_react-dom_007fiar._.js:8676:316)
    at commitPassiveMountOnFiber (http://localhost:3000/_next/static/chunks/08.h_next_dist_compiled_react-dom_007fiar._.js:8750:17)
    at recursivelyTraversePassiveMountEffects (http://localhost:3000/_next/static/chunks/08.h_next_dist_compiled_react-dom_007fiar._.js:8676:316)
    at commitPassiveMountOnFiber (http://localhost:3000/_next/static/chunks/08.h_next_dist_compiled_react-dom_007fiar._.js:8750:17)
    at recursivelyTraversePassiveMountEffects (http://localhost:3000/_next/static/chunks/08.h_next_dist_compiled_react-dom_007fiar._.js:8676:316)
    at commitPassiveMountOnFiber (http://localhost:3000/_next/static/chunks/08.h_next_dist_compiled_react-dom_007fiar._.js:8750:17)
    at recursivelyTraversePassiveMountEffects (http://localhost:3000/_next/static/chunks/08.h_next_dist_compiled_react-dom_007fiar._.js:8676:316) @ http://localhost:3000/_next/static/chunks/08.h_next_dist_0ggglf.._.js:3318
[  103280ms] [INFO] %cDownload the React DevTools for a better development experience: https://react.dev/link/react-devtools font-weight:bold @ http://localhost:3000/_next/static/chunks/08.h_next_dist_0ggglf.._.js:2477
[  103292ms] [LOG] [HMR] connected @ http://localhost:3000/_next/static/chunks/08.h_next_dist_0ggglf.._.js:2477
[  103321ms] [ERROR] Failed to fetch applications: TypeError: Cannot read properties of null (reading 'from')
    at fetchApplications (http://localhost:3000/_next/static/chunks/spontus_src_0yx5wbe._.js:1547:196)
    at ApplicationsProvider.useEffect (http://localhost:3000/_next/static/chunks/spontus_src_0yx5wbe._.js:1559:13)
    at Object.react_stack_bottom_frame (http://localhost:3000/_next/static/chunks/08.h_next_dist_compiled_react-dom_007fiar._.js:15087:22)
    at runWithFiberInDEV (http://localhost:3000/_next/static/chunks/08.h_next_dist_compiled_react-dom_007fiar._.js:965:74)
    at commitHookEffectListMount (http://localhost:3000/_next/static/chunks/08.h_next_dist_compiled_react-dom_007fiar._.js:7255:167)
    at commitHookPassiveMountEffects (http://localhost:3000/_next/static/chunks/08.h_next_dist_compiled_react-dom_007fiar._.js:7290:60)
    at commitPassiveMountOnFiber (http://localhost:3000/_next/static/chunks/08.h_next_dist_compiled_react-dom_007fiar._.js:8689:33)
    at recursivelyTraversePassiveMountEffects (http://localhost:3000/_next/static/chunks/08.h_next_dist_compiled_react-dom_007fiar._.js:8676:316)
    at commitPassiveMountOnFiber (http://localhost:3000/_next/static/chunks/08.h_next_dist_compiled_react-dom_007fiar._.js:8750:17)
    at recursivelyTraversePassiveMountEffects (http://localhost:3000/_next/static/chunks/08.h_next_dist_compiled_react-dom_007fiar._.js:8676:316)
    at commitPassiveMountOnFiber (http://localhost:3000/_next/static/chunks/08.h_next_dist_compiled_react-dom_007fiar._.js:8688:17)
    at recursivelyTraversePassiveMountEffects (http://localhost:3000/_next/static/chunks/08.h_next_dist_compiled_react-dom_007fiar._.js:8676:316)
    at commitPassiveMountOnFiber (http://localhost:3000/_next/static/chunks/08.h_next_dist_compiled_react-dom_007fiar._.js:8688:17)
    at recursivelyTraversePassiveMountEffects (http://localhost:3000/_next/static/chunks/08.h_next_dist_compiled_react-dom_007fiar._.js:8676:316)
    at commitPassiveMountOnFiber (http://localhost:3000/_next/static/chunks/08.h_next_dist_compiled_react-dom_007fiar._.js:8750:17)
    at recursivelyTraversePassiveMountEffects (http://localhost:3000/_next/static/chunks/08.h_next_dist_compiled_react-dom_007fiar._.js:8676:316)
    at commitPassiveMountOnFiber (http://localhost:3000/_next/static/chunks/08.h_next_dist_compiled_react-dom_007fiar._.js:8750:17)
    at recursivelyTraversePassiveMountEffects (http://localhost:3000/_next/static/chunks/08.h_next_dist_compiled_react-dom_007fiar._.js:8676:316)
    at commitPassiveMountOnFiber (http://localhost:3000/_next/static/chunks/08.h_next_dist_compiled_react-dom_007fiar._.js:8750:17)
    at recursivelyTraversePassiveMountEffects (http://localhost:3000/_next/static/chunks/08.h_next_dist_compiled_react-dom_007fiar._.js:8676:316)
    at commitPassiveMountOnFiber (http://localhost:3000/_next/static/chunks/08.h_next_dist_compiled_react-dom_007fiar._.js:8688:17)
    at recursivelyTraversePassiveMountEffects (http://localhost:3000/_next/static/chunks/08.h_next_dist_compiled_react-dom_007fiar._.js:8676:316)
    at commitPassiveMountOnFiber (http://localhost:3000/_next/static/chunks/08.h_next_dist_compiled_react-dom_007fiar._.js:8688:17)
    at recursivelyTraversePassiveMountEffects (http://localhost:3000/_next/static/chunks/08.h_next_dist_compiled_react-dom_007fiar._.js:8676:316)
    at commitPassiveMountOnFiber (http://localhost:3000/_next/static/chunks/08.h_next_dist_compiled_react-dom_007fiar._.js:8693:17)
    at recursivelyTraversePassiveMountEffects (http://localhost:3000/_next/static/chunks/08.h_next_dist_compiled_react-dom_007fiar._.js:8676:316)
    at commitPassiveMountOnFiber (http://localhost:3000/_next/static/chunks/08.h_next_dist_compiled_react-dom_007fiar._.js:8688:17)
    at recursivelyTraversePassiveMountEffects (http://localhost:3000/_next/static/chunks/08.h_next_dist_compiled_react-dom_007fiar._.js:8676:316)
    at commitPassiveMountOnFiber (http://localhost:3000/_next/static/chunks/08.h_next_dist_compiled_react-dom_007fiar._.js:8693:17)
    at recursivelyTraversePassiveMountEffects (http://localhost:3000/_next/static/chunks/08.h_next_dist_compiled_react-dom_007fiar._.js:8676:316)
    at commitPassiveMountOnFiber (http://localhost:3000/_next/static/chunks/08.h_next_dist_compiled_react-dom_007fiar._.js:8688:17)
    at recursivelyTraversePassiveMountEffects (http://localhost:3000/_next/static/chunks/08.h_next_dist_compiled_react-dom_007fiar._.js:8676:316)
    at commitPassiveMountOnFiber (http://localhost:3000/_next/static/chunks/08.h_next_dist_compiled_react-dom_007fiar._.js:8688:17)
    at recursivelyTraversePassiveMountEffects (http://localhost:3000/_next/static/chunks/08.h_next_dist_compiled_react-dom_007fiar._.js:8676:316)
    at commitPassiveMountOnFiber (http://localhost:3000/_next/static/chunks/08.h_next_dist_compiled_react-dom_007fiar._.js:8693:17)
    at recursivelyTraversePassiveMountEffects (http://localhost:3000/_next/static/chunks/08.h_next_dist_compiled_react-dom_007fiar._.js:8676:316)
    at commitPassiveMountOnFiber (http://localhost:3000/_next/static/chunks/08.h_next_dist_compiled_react-dom_007fiar._.js:8688:17)
    at recursivelyTraversePassiveMountEffects (http://localhost:3000/_next/static/chunks/08.h_next_dist_compiled_react-dom_007fiar._.js:8676:316)
    at commitPassiveMountOnFiber (http://localhost:3000/_next/static/chunks/08.h_next_dist_compiled_react-dom_007fiar._.js:8750:17)
    at recursivelyTraversePassiveMountEffects (http://localhost:3000/_next/static/chunks/08.h_next_dist_compiled_react-dom_007fiar._.js:8676:316)
    at commitPassiveMountOnFiber (http://localhost:3000/_next/static/chunks/08.h_next_dist_compiled_react-dom_007fiar._.js:8750:17)
    at recursivelyTraversePassiveMountEffects (http://localhost:3000/_next/static/chunks/08.h_next_dist_compiled_react-dom_007fiar._.js:8676:316)
    at commitPassiveMountOnFiber (http://localhost:3000/_next/static/chunks/08.h_next_dist_compiled_react-dom_007fiar._.js:8750:17)
    at recursivelyTraversePassiveMountEffects (http://localhost:3000/_next/static/chunks/08.h_next_dist_compiled_react-dom_007fiar._.js:8676:316)
    at commitPassiveMountOnFiber (http://localhost:3000/_next/static/chunks/08.h_next_dist_compiled_react-dom_007fiar._.js:8750:17)
    at recursivelyTraversePassiveMountEffects (http://localhost:3000/_next/static/chunks/08.h_next_dist_compiled_react-dom_007fiar._.js:8676:316)
    at commitPassiveMountOnFiber (http://localhost:3000/_next/static/chunks/08.h_next_dist_compiled_react-dom_007fiar._.js:8750:17)
    at recursivelyTraversePassiveMountEffects (http://localhost:3000/_next/static/chunks/08.h_next_dist_compiled_react-dom_007fiar._.js:8676:316)
    at commitPassiveMountOnFiber (http://localhost:3000/_next/static/chunks/08.h_next_dist_compiled_react-dom_007fiar._.js:8750:17)
    at recursivelyTraversePassiveMountEffects (http://localhost:3000/_next/static/chunks/08.h_next_dist_compiled_react-dom_007fiar._.js:8676:316) @ http://localhost:3000/_next/static/chunks/08.h_next_dist_0ggglf.._.js:3318
[  147136ms] [INFO] %cDownload the React DevTools for a better development experience: https://react.dev/link/react-devtools font-weight:bold @ http://localhost:3000/_next/static/chunks/08.h_next_dist_0ggglf.._.js:2477
[  147149ms] [LOG] [HMR] connected @ http://localhost:3000/_next/static/chunks/08.h_next_dist_0ggglf.._.js:2477
[  147174ms] [ERROR] Failed to fetch applications: TypeError: Cannot read properties of null (reading 'from')
    at fetchApplications (http://localhost:3000/_next/static/chunks/spontus_src_0yx5wbe._.js:1547:196)
    at ApplicationsProvider.useEffect (http://localhost:3000/_next/static/chunks/spontus_src_0yx5wbe._.js:1559:13)
    at Object.react_stack_bottom_frame (http://localhost:3000/_next/static/chunks/08.h_next_dist_compiled_react-dom_007fiar._.js:15087:22)
    at runWithFiberInDEV (http://localhost:3000/_next/static/chunks/08.h_next_dist_compiled_react-dom_007fiar._.js:965:74)
    at commitHookEffectListMount (http://localhost:3000/_next/static/chunks/08.h_next_dist_compiled_react-dom_007fiar._.js:7255:167)
    at commitHookPassiveMountEffects (http://localhost:3000/_next/static/chunks/08.h_next_dist_compiled_react-dom_007fiar._.js:7290:60)
    at commitPassiveMountOnFiber (http://localhost:3000/_next/static/chunks/08.h_next_dist_compiled_react-dom_007fiar._.js:8689:33)
    at recursivelyTraversePassiveMountEffects (http://localhost:3000/_next/static/chunks/08.h_next_dist_compiled_react-dom_007fiar._.js:8676:316)
    at commitPassiveMountOnFiber (http://localhost:3000/_next/static/chunks/08.h_next_dist_compiled_react-dom_007fiar._.js:8750:17)
    at recursivelyTraversePassiveMountEffects (http://localhost:3000/_next/static/chunks/08.h_next_dist_compiled_react-dom_007fiar._.js:8676:316)
    at commitPassiveMountOnFiber (http://localhost:3000/_next/static/chunks/08.h_next_dist_compiled_react-dom_007fiar._.js:8688:17)
    at recursivelyTraversePassiveMountEffects (http://localhost:3000/_next/static/chunks/08.h_next_dist_compiled_react-dom_007fiar._.js:8676:316)
    at commitPassiveMountOnFiber (http://localhost:3000/_next/static/chunks/08.h_next_dist_compiled_react-dom_007fiar._.js:8688:17)
    at recursivelyTraversePassiveMountEffects (http://localhost:3000/_next/static/chunks/08.h_next_dist_compiled_react-dom_007fiar._.js:8676:316)
    at commitPassiveMountOnFiber (http://localhost:3000/_next/static/chunks/08.h_next_dist_compiled_react-dom_007fiar._.js:8750:17)
    at recursivelyTraversePassiveMountEffects (http://localhost:3000/_next/static/chunks/08.h_next_dist_compiled_react-dom_007fiar._.js:8676:316)
    at commitPassiveMountOnFiber (http://localhost:3000/_next/static/chunks/08.h_next_dist_compiled_react-dom_007fiar._.js:8750:17)
    at recursivelyTraversePassiveMountEffects (http://localhost:3000/_next/static/chunks/08.h_next_dist_compiled_react-dom_007fiar._.js:8676:316)
    at commitPassiveMountOnFiber (http://localhost:3000/_next/static/chunks/08.h_next_dist_compiled_react-dom_007fiar._.js:8750:17)
    at recursivelyTraversePassiveMountEffects (http://localhost:3000/_next/static/chunks/08.h_next_dist_compiled_react-dom_007fiar._.js:8676:316)
    at commitPassiveMountOnFiber (http://localhost:3000/_next/static/chunks/08.h_next_dist_compiled_react-dom_007fiar._.js:8688:17)
    at recursivelyTraversePassiveMountEffects (http://localhost:3000/_next/static/chunks/08.h_next_dist_compiled_react-dom_007fiar._.js:8676:316)
    at commitPassiveMountOnFiber (http://localhost:3000/_next/static/chunks/08.h_next_dist_compiled_react-dom_007fiar._.js:8688:17)
    at recursivelyTraversePassiveMountEffects (http://localhost:3000/_next/static/chunks/08.h_next_dist_compiled_react-dom_007fiar._.js:8676:316)
    at commitPassiveMountOnFiber (http://localhost:3000/_next/static/chunks/08.h_next_dist_compiled_react-dom_007fiar._.js:8693:17)
    at recursivelyTraversePassiveMountEffects (http://localhost:3000/_next/static/chunks/08.h_next_dist_compiled_react-dom_007fiar._.js:8676:316)
    at commitPassiveMountOnFiber (http://localhost:3000/_next/static/chunks/08.h_next_dist_compiled_react-dom_007fiar._.js:8688:17)
    at recursivelyTraversePassiveMountEffects (http://localhost:3000/_next/static/chunks/08.h_next_dist_compiled_react-dom_007fiar._.js:8676:316)
    at commitPassiveMountOnFiber (http://localhost:3000/_next/static/chunks/08.h_next_dist_compiled_react-dom_007fiar._.js:8693:17)
    at recursivelyTraversePassiveMountEffects (http://localhost:3000/_next/static/chunks/08.h_next_dist_compiled_react-dom_007fiar._.js:8676:316)
    at commitPassiveMountOnFiber (http://localhost:3000/_next/static/chunks/08.h_next_dist_compiled_react-dom_007fiar._.js:8688:17)
    at recursivelyTraversePassiveMountEffects (http://localhost:3000/_next/static/chunks/08.h_next_dist_compiled_react-dom_007fiar._.js:8676:316)
    at commitPassiveMountOnFiber (http://localhost:3000/_next/static/chunks/08.h_next_dist_compiled_react-dom_007fiar._.js:8688:17)
    at recursivelyTraversePassiveMountEffects (http://localhost:3000/_next/static/chunks/08.h_next_dist_compiled_react-dom_007fiar._.js:8676:316)
    at commitPassiveMountOnFiber (http://localhost:3000/_next/static/chunks/08.h_next_dist_compiled_react-dom_007fiar._.js:8693:17)
    at recursivelyTraversePassiveMountEffects (http://localhost:3000/_next/static/chunks/08.h_next_dist_compiled_react-dom_007fiar._.js:8676:316)
    at commitPassiveMountOnFiber (http://localhost:3000/_next/static/chunks/08.h_next_dist_compiled_react-dom_007fiar._.js:8688:17)
    at recursivelyTraversePassiveMountEffects (http://localhost:3000/_next/static/chunks/08.h_next_dist_compiled_react-dom_007fiar._.js:8676:316)
    at commitPassiveMountOnFiber (http://localhost:3000/_next/static/chunks/08.h_next_dist_compiled_react-dom_007fiar._.js:8750:17)
    at recursivelyTraversePassiveMountEffects (http://localhost:3000/_next/static/chunks/08.h_next_dist_compiled_react-dom_007fiar._.js:8676:316)
    at commitPassiveMountOnFiber (http://localhost:3000/_next/static/chunks/08.h_next_dist_compiled_react-dom_007fiar._.js:8750:17)
    at recursivelyTraversePassiveMountEffects (http://localhost:3000/_next/static/chunks/08.h_next_dist_compiled_react-dom_007fiar._.js:8676:316)
    at commitPassiveMountOnFiber (http://localhost:3000/_next/static/chunks/08.h_next_dist_compiled_react-dom_007fiar._.js:8750:17)
    at recursivelyTraversePassiveMountEffects (http://localhost:3000/_next/static/chunks/08.h_next_dist_compiled_react-dom_007fiar._.js:8676:316)
    at commitPassiveMountOnFiber (http://localhost:3000/_next/static/chunks/08.h_next_dist_compiled_react-dom_007fiar._.js:8750:17)
    at recursivelyTraversePassiveMountEffects (http://localhost:3000/_next/static/chunks/08.h_next_dist_compiled_react-dom_007fiar._.js:8676:316)
    at commitPassiveMountOnFiber (http://localhost:3000/_next/static/chunks/08.h_next_dist_compiled_react-dom_007fiar._.js:8750:17)
    at recursivelyTraversePassiveMountEffects (http://localhost:3000/_next/static/chunks/08.h_next_dist_compiled_react-dom_007fiar._.js:8676:316)
    at commitPassiveMountOnFiber (http://localhost:3000/_next/static/chunks/08.h_next_dist_compiled_react-dom_007fiar._.js:8750:17)
    at recursivelyTraversePassiveMountEffects (http://localhost:3000/_next/static/chunks/08.h_next_dist_compiled_react-dom_007fiar._.js:8676:316) @ http://localhost:3000/_next/static/chunks/08.h_next_dist_0ggglf.._.js:3318
[  147859ms] [INFO] %cDownload the React DevTools for a better development experience: https://react.dev/link/react-devtools font-weight:bold @ http://localhost:3000/_next/static/chunks/08.h_next_dist_0ggglf.._.js:2477
[  147867ms] [LOG] [HMR] connected @ http://localhost:3000/_next/static/chunks/08.h_next_dist_0ggglf.._.js:2477
[  147896ms] [ERROR] Failed to fetch applications: TypeError: Cannot read properties of null (reading 'from')
    at fetchApplications (http://localhost:3000/_next/static/chunks/spontus_src_0yx5wbe._.js:1547:196)
    at ApplicationsProvider.useEffect (http://localhost:3000/_next/static/chunks/spontus_src_0yx5wbe._.js:1559:13)
    at Object.react_stack_bottom_frame (http://localhost:3000/_next/static/chunks/08.h_next_dist_compiled_react-dom_007fiar._.js:15087:22)
    at runWithFiberInDEV (http://localhost:3000/_next/static/chunks/08.h_next_dist_compiled_react-dom_007fiar._.js:965:74)
    at commitHookEffectListMount (http://localhost:3000/_next/static/chunks/08.h_next_dist_compiled_react-dom_007fiar._.js:7255:167)
    at commitHookPassiveMountEffects (http://localhost:3000/_next/static/chunks/08.h_next_dist_compiled_react-dom_007fiar._.js:7290:60)
    at commitPassiveMountOnFiber (http://localhost:3000/_next/static/chunks/08.h_next_dist_compiled_react-dom_007fiar._.js:8689:33)
    at recursivelyTraversePassiveMountEffects (http://localhost:3000/_next/static/chunks/08.h_next_dist_compiled_react-dom_007fiar._.js:8676:316)
    at commitPassiveMountOnFiber (http://localhost:3000/_next/static/chunks/08.h_next_dist_compiled_react-dom_007fiar._.js:8750:17)
    at recursivelyTraversePassiveMountEffects (http://localhost:3000/_next/static/chunks/08.h_next_dist_compiled_react-dom_007fiar._.js:8676:316)
    at commitPassiveMountOnFiber (http://localhost:3000/_next/static/chunks/08.h_next_dist_compiled_react-dom_007fiar._.js:8688:17)
    at recursivelyTraversePassiveMountEffects (http://localhost:3000/_next/static/chunks/08.h_next_dist_compiled_react-dom_007fiar._.js:8676:316)
    at commitPassiveMountOnFiber (http://localhost:3000/_next/static/chunks/08.h_next_dist_compiled_react-dom_007fiar._.js:8688:17)
    at recursivelyTraversePassiveMountEffects (http://localhost:3000/_next/static/chunks/08.h_next_dist_compiled_react-dom_007fiar._.js:8676:316)
    at commitPassiveMountOnFiber (http://localhost:3000/_next/static/chunks/08.h_next_dist_compiled_react-dom_007fiar._.js:8750:17)
    at recursivelyTraversePassiveMountEffects (http://localhost:3000/_next/static/chunks/08.h_next_dist_compiled_react-dom_007fiar._.js:8676:316)
    at commitPassiveMountOnFiber (http://localhost:3000/_next/static/chunks/08.h_next_dist_compiled_react-dom_007fiar._.js:8750:17)
    at recursivelyTraversePassiveMountEffects (http://localhost:3000/_next/static/chunks/08.h_next_dist_compiled_react-dom_007fiar._.js:8676:316)
    at commitPassiveMountOnFiber (http://localhost:3000/_next/static/chunks/08.h_next_dist_compiled_react-dom_007fiar._.js:8750:17)
    at recursivelyTraversePassiveMountEffects (http://localhost:3000/_next/static/chunks/08.h_next_dist_compiled_react-dom_007fiar._.js:8676:316)
    at commitPassiveMountOnFiber (http://localhost:3000/_next/static/chunks/08.h_next_dist_compiled_react-dom_007fiar._.js:8688:17)
    at recursivelyTraversePassiveMountEffects (http://localhost:3000/_next/static/chunks/08.h_next_dist_compiled_react-dom_007fiar._.js:8676:316)
    at commitPassiveMountOnFiber (http://localhost:3000/_next/static/chunks/08.h_next_dist_compiled_react-dom_007fiar._.js:8688:17)
    at recursivelyTraversePassiveMountEffects (http://localhost:3000/_next/static/chunks/08.h_next_dist_compiled_react-dom_007fiar._.js:8676:316)
    at commitPassiveMountOnFiber (http://localhost:3000/_next/static/chunks/08.h_next_dist_compiled_react-dom_007fiar._.js:8693:17)
    at recursivelyTraversePassiveMountEffects (http://localhost:3000/_next/static/chunks/08.h_next_dist_compiled_react-dom_007fiar._.js:8676:316)
    at commitPassiveMountOnFiber (http://localhost:3000/_next/static/chunks/08.h_next_dist_compiled_react-dom_007fiar._.js:8688:17)
    at recursivelyTraversePassiveMountEffects (http://localhost:3000/_next/static/chunks/08.h_next_dist_compiled_react-dom_007fiar._.js:8676:316)
    at commitPassiveMountOnFiber (http://localhost:3000/_next/static/chunks/08.h_next_dist_compiled_react-dom_007fiar._.js:8693:17)
    at recursivelyTraversePassiveMountEffects (http://localhost:3000/_next/static/chunks/08.h_next_dist_compiled_react-dom_007fiar._.js:8676:316)
    at commitPassiveMountOnFiber (http://localhost:3000/_next/static/chunks/08.h_next_dist_compiled_react-dom_007fiar._.js:8688:17)
    at recursivelyTraversePassiveMountEffects (http://localhost:3000/_next/static/chunks/08.h_next_dist_compiled_react-dom_007fiar._.js:8676:316)
    at commitPassiveMountOnFiber (http://localhost:3000/_next/static/chunks/08.h_next_dist_compiled_react-dom_007fiar._.js:8688:17)
    at recursivelyTraversePassiveMountEffects (http://localhost:3000/_next/static/chunks/08.h_next_dist_compiled_react-dom_007fiar._.js:8676:316)
    at commitPassiveMountOnFiber (http://localhost:3000/_next/static/chunks/08.h_next_dist_compiled_react-dom_007fiar._.js:8693:17)
    at recursivelyTraversePassiveMountEffects (http://localhost:3000/_next/static/chunks/08.h_next_dist_compiled_react-dom_007fiar._.js:8676:316)
    at commitPassiveMountOnFiber (http://localhost:3000/_next/static/chunks/08.h_next_dist_compiled_react-dom_007fiar._.js:8688:17)
    at recursivelyTraversePassiveMountEffects (http://localhost:3000/_next/static/chunks/08.h_next_dist_compiled_react-dom_007fiar._.js:8676:316)
    at commitPassiveMountOnFiber (http://localhost:3000/_next/static/chunks/08.h_next_dist_compiled_react-dom_007fiar._.js:8750:17)
    at recursivelyTraversePassiveMountEffects (http://localhost:3000/_next/static/chunks/08.h_next_dist_compiled_react-dom_007fiar._.js:8676:316)
    at commitPassiveMountOnFiber (http://localhost:3000/_next/static/chunks/08.h_next_dist_compiled_react-dom_007fiar._.js:8750:17)
    at recursivelyTraversePassiveMountEffects (http://localhost:3000/_next/static/chunks/08.h_next_dist_compiled_react-dom_007fiar._.js:8676:316)
    at commitPassiveMountOnFiber (http://localhost:3000/_next/static/chunks/08.h_next_dist_compiled_react-dom_007fiar._.js:8750:17)
    at recursivelyTraversePassiveMountEffects (http://localhost:3000/_next/static/chunks/08.h_next_dist_compiled_react-dom_007fiar._.js:8676:316)
    at commitPassiveMountOnFiber (http://localhost:3000/_next/static/chunks/08.h_next_dist_compiled_react-dom_007fiar._.js:8750:17)
    at recursivelyTraversePassiveMountEffects (http://localhost:3000/_next/static/chunks/08.h_next_dist_compiled_react-dom_007fiar._.js:8676:316)
    at commitPassiveMountOnFiber (http://localhost:3000/_next/static/chunks/08.h_next_dist_compiled_react-dom_007fiar._.js:8750:17)
    at recursivelyTraversePassiveMountEffects (http://localhost:3000/_next/static/chunks/08.h_next_dist_compiled_react-dom_007fiar._.js:8676:316)
    at commitPassiveMountOnFiber (http://localhost:3000/_next/static/chunks/08.h_next_dist_compiled_react-dom_007fiar._.js:8750:17)
    at recursivelyTraversePassiveMountEffects (http://localhost:3000/_next/static/chunks/08.h_next_dist_compiled_react-dom_007fiar._.js:8676:316) @ http://localhost:3000/_next/static/chunks/08.h_next_dist_0ggglf.._.js:3318
[  148619ms] [INFO] %cDownload the React DevTools for a better development experience: https://react.dev/link/react-devtools font-weight:bold @ http://localhost:3000/_next/static/chunks/08.h_next_dist_0ggglf.._.js:2477
[  148628ms] [LOG] [HMR] connected @ http://localhost:3000/_next/static/chunks/08.h_next_dist_0ggglf.._.js:2477
[  148693ms] [ERROR] Failed to fetch applications: TypeError: Cannot read properties of null (reading 'from')
    at fetchApplications (http://localhost:3000/_next/static/chunks/spontus_src_0yx5wbe._.js:1547:196)
    at ApplicationsProvider.useEffect (http://localhost:3000/_next/static/chunks/spontus_src_0yx5wbe._.js:1559:13)
    at Object.react_stack_bottom_frame (http://localhost:3000/_next/static/chunks/08.h_next_dist_compiled_react-dom_007fiar._.js:15087:22)
    at runWithFiberInDEV (http://localhost:3000/_next/static/chunks/08.h_next_dist_compiled_react-dom_007fiar._.js:965:74)
    at commitHookEffectListMount (http://localhost:3000/_next/static/chunks/08.h_next_dist_compiled_react-dom_007fiar._.js:7255:167)
    at commitHookPassiveMountEffects (http://localhost:3000/_next/static/chunks/08.h_next_dist_compiled_react-dom_007fiar._.js:7290:60)
    at commitPassiveMountOnFiber (http://localhost:3000/_next/static/chunks/08.h_next_dist_compiled_react-dom_007fiar._.js:8689:33)
    at recursivelyTraversePassiveMountEffects (http://localhost:3000/_next/static/chunks/08.h_next_dist_compiled_react-dom_007fiar._.js:8676:316)
    at commitPassiveMountOnFiber (http://localhost:3000/_next/static/chunks/08.h_next_dist_compiled_react-dom_007fiar._.js:8750:17)
    at recursivelyTraversePassiveMountEffects (http://localhost:3000/_next/static/chunks/08.h_next_dist_compiled_react-dom_007fiar._.js:8676:316)
    at commitPassiveMountOnFiber (http://localhost:3000/_next/static/chunks/08.h_next_dist_compiled_react-dom_007fiar._.js:8688:17)
    at recursivelyTraversePassiveMountEffects (http://localhost:3000/_next/static/chunks/08.h_next_dist_compiled_react-dom_007fiar._.js:8676:316)
    at commitPassiveMountOnFiber (http://localhost:3000/_next/static/chunks/08.h_next_dist_compiled_react-dom_007fiar._.js:8688:17)
    at recursivelyTraversePassiveMountEffects (http://localhost:3000/_next/static/chunks/08.h_next_dist_compiled_react-dom_007fiar._.js:8676:316)
    at commitPassiveMountOnFiber (http://localhost:3000/_next/static/chunks/08.h_next_dist_compiled_react-dom_007fiar._.js:8750:17)
    at recursivelyTraversePassiveMountEffects (http://localhost:3000/_next/static/chunks/08.h_next_dist_compiled_react-dom_007fiar._.js:8676:316)
    at commitPassiveMountOnFiber (http://localhost:3000/_next/static/chunks/08.h_next_dist_compiled_react-dom_007fiar._.js:8750:17)
    at recursivelyTraversePassiveMountEffects (http://localhost:3000/_next/static/chunks/08.h_next_dist_compiled_react-dom_007fiar._.js:8676:316)
    at commitPassiveMountOnFiber (http://localhost:3000/_next/static/chunks/08.h_next_dist_compiled_react-dom_007fiar._.js:8750:17)
    at recursivelyTraversePassiveMountEffects (http://localhost:3000/_next/static/chunks/08.h_next_dist_compiled_react-dom_007fiar._.js:8676:316)
    at commitPassiveMountOnFiber (http://localhost:3000/_next/static/chunks/08.h_next_dist_compiled_react-dom_007fiar._.js:8688:17)
    at recursivelyTraversePassiveMountEffects (http://localhost:3000/_next/static/chunks/08.h_next_dist_compiled_react-dom_007fiar._.js:8676:316)
    at commitPassiveMountOnFiber (http://localhost:3000/_next/static/chunks/08.h_next_dist_compiled_react-dom_007fiar._.js:8688:17)
    at recursivelyTraversePassiveMountEffects (http://localhost:3000/_next/static/chunks/08.h_next_dist_compiled_react-dom_007fiar._.js:8676:316)
    at commitPassiveMountOnFiber (http://localhost:3000/_next/static/chunks/08.h_next_dist_compiled_react-dom_007fiar._.js:8693:17)
    at recursivelyTraversePassiveMountEffects (http://localhost:3000/_next/static/chunks/08.h_next_dist_compiled_react-dom_007fiar._.js:8676:316)
    at commitPassiveMountOnFiber (http://localhost:3000/_next/static/chunks/08.h_next_dist_compiled_react-dom_007fiar._.js:8688:17)
    at recursivelyTraversePassiveMountEffects (http://localhost:3000/_next/static/chunks/08.h_next_dist_compiled_react-dom_007fiar._.js:8676:316)
    at commitPassiveMountOnFiber (http://localhost:3000/_next/static/chunks/08.h_next_dist_compiled_react-dom_007fiar._.js:8693:17)
    at recursivelyTraversePassiveMountEffects (http://localhost:3000/_next/static/chunks/08.h_next_dist_compiled_react-dom_007fiar._.js:8676:316)
    at commitPassiveMountOnFiber (http://localhost:3000/_next/static/chunks/08.h_next_dist_compiled_react-dom_007fiar._.js:8688:17)
    at recursivelyTraversePassiveMountEffects (http://localhost:3000/_next/static/chunks/08.h_next_dist_compiled_react-dom_007fiar._.js:8676:316)
    at commitPassiveMountOnFiber (http://localhost:3000/_next/static/chunks/08.h_next_dist_compiled_react-dom_007fiar._.js:8688:17)
    at recursivelyTraversePassiveMountEffects (http://localhost:3000/_next/static/chunks/08.h_next_dist_compiled_react-dom_007fiar._.js:8676:316)
    at commitPassiveMountOnFiber (http://localhost:3000/_next/static/chunks/08.h_next_dist_compiled_react-dom_007fiar._.js:8693:17)
    at recursivelyTraversePassiveMountEffects (http://localhost:3000/_next/static/chunks/08.h_next_dist_compiled_react-dom_007fiar._.js:8676:316)
    at commitPassiveMountOnFiber (http://localhost:3000/_next/static/chunks/08.h_next_dist_compiled_react-dom_007fiar._.js:8688:17)
    at recursivelyTraversePassiveMountEffects (http://localhost:3000/_next/static/chunks/08.h_next_dist_compiled_react-dom_007fiar._.js:8676:316)
    at commitPassiveMountOnFiber (http://localhost:3000/_next/static/chunks/08.h_next_dist_compiled_react-dom_007fiar._.js:8750:17)
    at recursivelyTraversePassiveMountEffects (http://localhost:3000/_next/static/chunks/08.h_next_dist_compiled_react-dom_007fiar._.js:8676:316)
    at commitPassiveMountOnFiber (http://localhost:3000/_next/static/chunks/08.h_next_dist_compiled_react-dom_007fiar._.js:8750:17)
    at recursivelyTraversePassiveMountEffects (http://localhost:3000/_next/static/chunks/08.h_next_dist_compiled_react-dom_007fiar._.js:8676:316)
    at commitPassiveMountOnFiber (http://localhost:3000/_next/static/chunks/08.h_next_dist_compiled_react-dom_007fiar._.js:8750:17)
    at recursivelyTraversePassiveMountEffects (http://localhost:3000/_next/static/chunks/08.h_next_dist_compiled_react-dom_007fiar._.js:8676:316)
    at commitPassiveMountOnFiber (http://localhost:3000/_next/static/chunks/08.h_next_dist_compiled_react-dom_007fiar._.js:8750:17)
    at recursivelyTraversePassiveMountEffects (http://localhost:3000/_next/static/chunks/08.h_next_dist_compiled_react-dom_007fiar._.js:8676:316)
    at commitPassiveMountOnFiber (http://localhost:3000/_next/static/chunks/08.h_next_dist_compiled_react-dom_007fiar._.js:8750:17)
    at recursivelyTraversePassiveMountEffects (http://localhost:3000/_next/static/chunks/08.h_next_dist_compiled_react-dom_007fiar._.js:8676:316)
    at commitPassiveMountOnFiber (http://localhost:3000/_next/static/chunks/08.h_next_dist_compiled_react-dom_007fiar._.js:8750:17)
    at recursivelyTraversePassiveMountEffects (http://localhost:3000/_next/static/chunks/08.h_next_dist_compiled_react-dom_007fiar._.js:8676:316) @ http://localhost:3000/_next/static/chunks/08.h_next_dist_0ggglf.._.js:3318
[  148894ms] [WARNING] Image with src "https://images.unsplash.com/photo-1574629810360-7efbbe195018?auto=format&fit=crop&w=1200&q=70" was detected as the Largest Contentful Paint (LCP). Please add the `loading="eager"` property if this image is above the fold.
Read more: https://nextjs.org/docs/app/api-reference/components/image#loading @ http://localhost:3000/_next/static/chunks/08.h_next_dist_0ggglf.._.js:2477
[  149319ms] [INFO] %cDownload the React DevTools for a better development experience: https://react.dev/link/react-devtools font-weight:bold @ http://localhost:3000/_next/static/chunks/08.h_next_dist_0ggglf.._.js:2477
[  149333ms] [LOG] [HMR] connected @ http://localhost:3000/_next/static/chunks/08.h_next_dist_0ggglf.._.js:2477
[  149373ms] [ERROR] Failed to fetch applications: TypeError: Cannot read properties of null (reading 'from')
    at fetchApplications (http://localhost:3000/_next/static/chunks/spontus_src_0yx5wbe._.js:1547:196)
    at ApplicationsProvider.useEffect (http://localhost:3000/_next/static/chunks/spontus_src_0yx5wbe._.js:1559:13)
    at Object.react_stack_bottom_frame (http://localhost:3000/_next/static/chunks/08.h_next_dist_compiled_react-dom_007fiar._.js:15087:22)
    at runWithFiberInDEV (http://localhost:3000/_next/static/chunks/08.h_next_dist_compiled_react-dom_007fiar._.js:965:74)
    at commitHookEffectListMount (http://localhost:3000/_next/static/chunks/08.h_next_dist_compiled_react-dom_007fiar._.js:7255:167)
    at commitHookPassiveMountEffects (http://localhost:3000/_next/static/chunks/08.h_next_dist_compiled_react-dom_007fiar._.js:7290:60)
    at commitPassiveMountOnFiber (http://localhost:3000/_next/static/chunks/08.h_next_dist_compiled_react-dom_007fiar._.js:8689:33)
    at recursivelyTraversePassiveMountEffects (http://localhost:3000/_next/static/chunks/08.h_next_dist_compiled_react-dom_007fiar._.js:8676:316)
    at commitPassiveMountOnFiber (http://localhost:3000/_next/static/chunks/08.h_next_dist_compiled_react-dom_007fiar._.js:8750:17)
    at recursivelyTraversePassiveMountEffects (http://localhost:3000/_next/static/chunks/08.h_next_dist_compiled_react-dom_007fiar._.js:8676:316)
    at commitPassiveMountOnFiber (http://localhost:3000/_next/static/chunks/08.h_next_dist_compiled_react-dom_007fiar._.js:8688:17)
    at recursivelyTraversePassiveMountEffects (http://localhost:3000/_next/static/chunks/08.h_next_dist_compiled_react-dom_007fiar._.js:8676:316)
    at commitPassiveMountOnFiber (http://localhost:3000/_next/static/chunks/08.h_next_dist_compiled_react-dom_007fiar._.js:8688:17)
    at recursivelyTraversePassiveMountEffects (http://localhost:3000/_next/static/chunks/08.h_next_dist_compiled_react-dom_007fiar._.js:8676:316)
    at commitPassiveMountOnFiber (http://localhost:3000/_next/static/chunks/08.h_next_dist_compiled_react-dom_007fiar._.js:8750:17)
    at recursivelyTraversePassiveMountEffects (http://localhost:3000/_next/static/chunks/08.h_next_dist_compiled_react-dom_007fiar._.js:8676:316)
    at commitPassiveMountOnFiber (http://localhost:3000/_next/static/chunks/08.h_next_dist_compiled_react-dom_007fiar._.js:8750:17)
    at recursivelyTraversePassiveMountEffects (http://localhost:3000/_next/static/chunks/08.h_next_dist_compiled_react-dom_007fiar._.js:8676:316)
    at commitPassiveMountOnFiber (http://localhost:3000/_next/static/chunks/08.h_next_dist_compiled_react-dom_007fiar._.js:8750:17)
    at recursivelyTraversePassiveMountEffects (http://localhost:3000/_next/static/chunks/08.h_next_dist_compiled_react-dom_007fiar._.js:8676:316)
    at commitPassiveMountOnFiber (http://localhost:3000/_next/static/chunks/08.h_next_dist_compiled_react-dom_007fiar._.js:8688:17)
    at recursivelyTraversePassiveMountEffects (http://localhost:3000/_next/static/chunks/08.h_next_dist_compiled_react-dom_007fiar._.js:8676:316)
    at commitPassiveMountOnFiber (http://localhost:3000/_next/static/chunks/08.h_next_dist_compiled_react-dom_007fiar._.js:8688:17)
    at recursivelyTraversePassiveMountEffects (http://localhost:3000/_next/static/chunks/08.h_next_dist_compiled_react-dom_007fiar._.js:8676:316)
    at commitPassiveMountOnFiber (http://localhost:3000/_next/static/chunks/08.h_next_dist_compiled_react-dom_007fiar._.js:8693:17)
    at recursivelyTraversePassiveMountEffects (http://localhost:3000/_next/static/chunks/08.h_next_dist_compiled_react-dom_007fiar._.js:8676:316)
    at commitPassiveMountOnFiber (http://localhost:3000/_next/static/chunks/08.h_next_dist_compiled_react-dom_007fiar._.js:8688:17)
    at recursivelyTraversePassiveMountEffects (http://localhost:3000/_next/static/chunks/08.h_next_dist_compiled_react-dom_007fiar._.js:8676:316)
    at commitPassiveMountOnFiber (http://localhost:3000/_next/static/chunks/08.h_next_dist_compiled_react-dom_007fiar._.js:8693:17)
    at recursivelyTraversePassiveMountEffects (http://localhost:3000/_next/static/chunks/08.h_next_dist_compiled_react-dom_007fiar._.js:8676:316)
    at commitPassiveMountOnFiber (http://localhost:3000/_next/static/chunks/08.h_next_dist_compiled_react-dom_007fiar._.js:8688:17)
    at recursivelyTraversePassiveMountEffects (http://localhost:3000/_next/static/chunks/08.h_next_dist_compiled_react-dom_007fiar._.js:8676:316)
    at commitPassiveMountOnFiber (http://localhost:3000/_next/static/chunks/08.h_next_dist_compiled_react-dom_007fiar._.js:8688:17)
    at recursivelyTraversePassiveMountEffects (http://localhost:3000/_next/static/chunks/08.h_next_dist_compiled_react-dom_007fiar._.js:8676:316)
    at commitPassiveMountOnFiber (http://localhost:3000/_next/static/chunks/08.h_next_dist_compiled_react-dom_007fiar._.js:8693:17)
    at recursivelyTraversePassiveMountEffects (http://localhost:3000/_next/static/chunks/08.h_next_dist_compiled_react-dom_007fiar._.js:8676:316)
    at commitPassiveMountOnFiber (http://localhost:3000/_next/static/chunks/08.h_next_dist_compiled_react-dom_007fiar._.js:8688:17)
    at recursivelyTraversePassiveMountEffects (http://localhost:3000/_next/static/chunks/08.h_next_dist_compiled_react-dom_007fiar._.js:8676:316)
    at commitPassiveMountOnFiber (http://localhost:3000/_next/static/chunks/08.h_next_dist_compiled_react-dom_007fiar._.js:8750:17)
    at recursivelyTraversePassiveMountEffects (http://localhost:3000/_next/static/chunks/08.h_next_dist_compiled_react-dom_007fiar._.js:8676:316)
    at commitPassiveMountOnFiber (http://localhost:3000/_next/static/chunks/08.h_next_dist_compiled_react-dom_007fiar._.js:8750:17)
    at recursivelyTraversePassiveMountEffects (http://localhost:3000/_next/static/chunks/08.h_next_dist_compiled_react-dom_007fiar._.js:8676:316)
    at commitPassiveMountOnFiber (http://localhost:3000/_next/static/chunks/08.h_next_dist_compiled_react-dom_007fiar._.js:8750:17)
    at recursivelyTraversePassiveMountEffects (http://localhost:3000/_next/static/chunks/08.h_next_dist_compiled_react-dom_007fiar._.js:8676:316)
    at commitPassiveMountOnFiber (http://localhost:3000/_next/static/chunks/08.h_next_dist_compiled_react-dom_007fiar._.js:8750:17)
    at recursivelyTraversePassiveMountEffects (http://localhost:3000/_next/static/chunks/08.h_next_dist_compiled_react-dom_007fiar._.js:8676:316)
    at commitPassiveMountOnFiber (http://localhost:3000/_next/static/chunks/08.h_next_dist_compiled_react-dom_007fiar._.js:8750:17)
    at recursivelyTraversePassiveMountEffects (http://localhost:3000/_next/static/chunks/08.h_next_dist_compiled_react-dom_007fiar._.js:8676:316)
    at commitPassiveMountOnFiber (http://localhost:3000/_next/static/chunks/08.h_next_dist_compiled_react-dom_007fiar._.js:8750:17)
    at recursivelyTraversePassiveMountEffects (http://localhost:3000/_next/static/chunks/08.h_next_dist_compiled_react-dom_007fiar._.js:8676:316) @ http://localhost:3000/_next/static/chunks/08.h_next_dist_0ggglf.._.js:3318
[  149944ms] [INFO] %cDownload the React DevTools for a better development experience: https://react.dev/link/react-devtools font-weight:bold @ http://localhost:3000/_next/static/chunks/08.h_next_dist_0ggglf.._.js:2477
[  149951ms] [LOG] [HMR] connected @ http://localhost:3000/_next/static/chunks/08.h_next_dist_0ggglf.._.js:2477
[  149973ms] [ERROR] Failed to fetch applications: TypeError: Cannot read properties of null (reading 'from')
    at fetchApplications (http://localhost:3000/_next/static/chunks/spontus_src_0yx5wbe._.js:1547:196)
    at ApplicationsProvider.useEffect (http://localhost:3000/_next/static/chunks/spontus_src_0yx5wbe._.js:1559:13)
    at Object.react_stack_bottom_frame (http://localhost:3000/_next/static/chunks/08.h_next_dist_compiled_react-dom_007fiar._.js:15087:22)
    at runWithFiberInDEV (http://localhost:3000/_next/static/chunks/08.h_next_dist_compiled_react-dom_007fiar._.js:965:74)
    at commitHookEffectListMount (http://localhost:3000/_next/static/chunks/08.h_next_dist_compiled_react-dom_007fiar._.js:7255:167)
    at commitHookPassiveMountEffects (http://localhost:3000/_next/static/chunks/08.h_next_dist_compiled_react-dom_007fiar._.js:7290:60)
    at commitPassiveMountOnFiber (http://localhost:3000/_next/static/chunks/08.h_next_dist_compiled_react-dom_007fiar._.js:8689:33)
    at recursivelyTraversePassiveMountEffects (http://localhost:3000/_next/static/chunks/08.h_next_dist_compiled_react-dom_007fiar._.js:8676:316)
    at commitPassiveMountOnFiber (http://localhost:3000/_next/static/chunks/08.h_next_dist_compiled_react-dom_007fiar._.js:8750:17)
    at recursivelyTraversePassiveMountEffects (http://localhost:3000/_next/static/chunks/08.h_next_dist_compiled_react-dom_007fiar._.js:8676:316)
    at commitPassiveMountOnFiber (http://localhost:3000/_next/static/chunks/08.h_next_dist_compiled_react-dom_007fiar._.js:8688:17)
    at recursivelyTraversePassiveMountEffects (http://localhost:3000/_next/static/chunks/08.h_next_dist_compiled_react-dom_007fiar._.js:8676:316)
    at commitPassiveMountOnFiber (http://localhost:3000/_next/static/chunks/08.h_next_dist_compiled_react-dom_007fiar._.js:8688:17)
    at recursivelyTraversePassiveMountEffects (http://localhost:3000/_next/static/chunks/08.h_next_dist_compiled_react-dom_007fiar._.js:8676:316)
    at commitPassiveMountOnFiber (http://localhost:3000/_next/static/chunks/08.h_next_dist_compiled_react-dom_007fiar._.js:8750:17)
    at recursivelyTraversePassiveMountEffects (http://localhost:3000/_next/static/chunks/08.h_next_dist_compiled_react-dom_007fiar._.js:8676:316)
    at commitPassiveMountOnFiber (http://localhost:3000/_next/static/chunks/08.h_next_dist_compiled_react-dom_007fiar._.js:8750:17)
    at recursivelyTraversePassiveMountEffects (http://localhost:3000/_next/static/chunks/08.h_next_dist_compiled_react-dom_007fiar._.js:8676:316)
    at commitPassiveMountOnFiber (http://localhost:3000/_next/static/chunks/08.h_next_dist_compiled_react-dom_007fiar._.js:8750:17)
    at recursivelyTraversePassiveMountEffects (http://localhost:3000/_next/static/chunks/08.h_next_dist_compiled_react-dom_007fiar._.js:8676:316)
    at commitPassiveMountOnFiber (http://localhost:3000/_next/static/chunks/08.h_next_dist_compiled_react-dom_007fiar._.js:8688:17)
    at recursivelyTraversePassiveMountEffects (http://localhost:3000/_next/static/chunks/08.h_next_dist_compiled_react-dom_007fiar._.js:8676:316)
    at commitPassiveMountOnFiber (http://localhost:3000/_next/static/chunks/08.h_next_dist_compiled_react-dom_007fiar._.js:8688:17)
    at recursivelyTraversePassiveMountEffects (http://localhost:3000/_next/static/chunks/08.h_next_dist_compiled_react-dom_007fiar._.js:8676:316)
    at commitPassiveMountOnFiber (http://localhost:3000/_next/static/chunks/08.h_next_dist_compiled_react-dom_007fiar._.js:8693:17)
    at recursivelyTraversePassiveMountEffects (http://localhost:3000/_next/static/chunks/08.h_next_dist_compiled_react-dom_007fiar._.js:8676:316)
    at commitPassiveMountOnFiber (http://localhost:3000/_next/static/chunks/08.h_next_dist_compiled_react-dom_007fiar._.js:8688:17)
    at recursivelyTraversePassiveMountEffects (http://localhost:3000/_next/static/chunks/08.h_next_dist_compiled_react-dom_007fiar._.js:8676:316)
    at commitPassiveMountOnFiber (http://localhost:3000/_next/static/chunks/08.h_next_dist_compiled_react-dom_007fiar._.js:8693:17)
    at recursivelyTraversePassiveMountEffects (http://localhost:3000/_next/static/chunks/08.h_next_dist_compiled_react-dom_007fiar._.js:8676:316)
    at commitPassiveMountOnFiber (http://localhost:3000/_next/static/chunks/08.h_next_dist_compiled_react-dom_007fiar._.js:8688:17)
    at recursivelyTraversePassiveMountEffects (http://localhost:3000/_next/static/chunks/08.h_next_dist_compiled_react-dom_007fiar._.js:8676:316)
    at commitPassiveMountOnFiber (http://localhost:3000/_next/static/chunks/08.h_next_dist_compiled_react-dom_007fiar._.js:8688:17)
    at recursivelyTraversePassiveMountEffects (http://localhost:3000/_next/static/chunks/08.h_next_dist_compiled_react-dom_007fiar._.js:8676:316)
    at commitPassiveMountOnFiber (http://localhost:3000/_next/static/chunks/08.h_next_dist_compiled_react-dom_007fiar._.js:8693:17)
    at recursivelyTraversePassiveMountEffects (http://localhost:3000/_next/static/chunks/08.h_next_dist_compiled_react-dom_007fiar._.js:8676:316)
    at commitPassiveMountOnFiber (http://localhost:3000/_next/static/chunks/08.h_next_dist_compiled_react-dom_007fiar._.js:8688:17)
    at recursivelyTraversePassiveMountEffects (http://localhost:3000/_next/static/chunks/08.h_next_dist_compiled_react-dom_007fiar._.js:8676:316)
    at commitPassiveMountOnFiber (http://localhost:3000/_next/static/chunks/08.h_next_dist_compiled_react-dom_007fiar._.js:8750:17)
    at recursivelyTraversePassiveMountEffects (http://localhost:3000/_next/static/chunks/08.h_next_dist_compiled_react-dom_007fiar._.js:8676:316)
    at commitPassiveMountOnFiber (http://localhost:3000/_next/static/chunks/08.h_next_dist_compiled_react-dom_007fiar._.js:8750:17)
    at recursivelyTraversePassiveMountEffects (http://localhost:3000/_next/static/chunks/08.h_next_dist_compiled_react-dom_007fiar._.js:8676:316)
    at commitPassiveMountOnFiber (http://localhost:3000/_next/static/chunks/08.h_next_dist_compiled_react-dom_007fiar._.js:8750:17)
    at recursivelyTraversePassiveMountEffects (http://localhost:3000/_next/static/chunks/08.h_next_dist_compiled_react-dom_007fiar._.js:8676:316)
    at commitPassiveMountOnFiber (http://localhost:3000/_next/static/chunks/08.h_next_dist_compiled_react-dom_007fiar._.js:8750:17)
    at recursivelyTraversePassiveMountEffects (http://localhost:3000/_next/static/chunks/08.h_next_dist_compiled_react-dom_007fiar._.js:8676:316)
    at commitPassiveMountOnFiber (http://localhost:3000/_next/static/chunks/08.h_next_dist_compiled_react-dom_007fiar._.js:8750:17)
    at recursivelyTraversePassiveMountEffects (http://localhost:3000/_next/static/chunks/08.h_next_dist_compiled_react-dom_007fiar._.js:8676:316)
    at commitPassiveMountOnFiber (http://localhost:3000/_next/static/chunks/08.h_next_dist_compiled_react-dom_007fiar._.js:8750:17)
    at recursivelyTraversePassiveMountEffects (http://localhost:3000/_next/static/chunks/08.h_next_dist_compiled_react-dom_007fiar._.js:8676:316) @ http://localhost:3000/_next/static/chunks/08.h_next_dist_0ggglf.._.js:3318
[  824072ms] [LOG] [Fast Refresh] rebuilding @ http://localhost:3000/_next/static/chunks/08.h_next_dist_0ggglf.._.js:2477
[  824098ms] [LOG] [Fast Refresh] done in 64ms @ http://localhost:3000/_next/static/chunks/08.h_next_dist_0ggglf.._.js:2477
[  839495ms] [LOG] [Fast Refresh] rebuilding @ http://localhost:3000/_next/static/chunks/08.h_next_dist_0ggglf.._.js:2477
[  839510ms] [LOG] [Fast Refresh] done in 97ms @ http://localhost:3000/_next/static/chunks/08.h_next_dist_0ggglf.._.js:2477
[  839729ms] [LOG] [Fast Refresh] rebuilding @ http://localhost:3000/_next/static/chunks/08.h_next_dist_0ggglf.._.js:2477
[  839765ms] [LOG] [Fast Refresh] done in 51ms @ http://localhost:3000/_next/static/chunks/08.h_next_dist_0ggglf.._.js:2477
[  852291ms] [LOG] [Fast Refresh] rebuilding @ http://localhost:3000/_next/static/chunks/08.h_next_dist_0ggglf.._.js:2477
[  852747ms] [LOG] [Fast Refresh] done in 347ms @ http://localhost:3000/_next/static/chunks/08.h_next_dist_0ggglf.._.js:2477
[  852994ms] [LOG] [Fast Refresh] rebuilding @ http://localhost:3000/_next/static/chunks/08.h_next_dist_0ggglf.._.js:2477
[  853033ms] [LOG] [Fast Refresh] done in 139ms @ http://localhost:3000/_next/static/chunks/08.h_next_dist_0ggglf.._.js:2477
[  853074ms] [INFO] %cDownload the React DevTools for a better development experience: https://react.dev/link/react-devtools font-weight:bold @ http://localhost:3000/_next/static/chunks/08.h_next_dist_0ggglf.._.js:2477
[  853083ms] [LOG] [HMR] connected @ http://localhost:3000/_next/static/chunks/08.h_next_dist_0ggglf.._.js:2477
[  859854ms] [LOG] [Fast Refresh] rebuilding @ http://localhost:3000/_next/static/chunks/08.h_next_dist_0ggglf.._.js:2477
[  859873ms] ReferenceError: setLoading is not defined
    at ApplicationsProvider.useCallback[loadApplications] (http://localhost:3000/_next/static/chunks/spontus_src_0rnqc2t._.js?id=%255Bproject%255D%252Fspontus%252Fsrc%252Fcomponents%252Fproviders%252Fapplications-provider.tsx+%255Bapp-client%255D+%2528ecmascript%2529:46:17)
    at ApplicationsProvider.useEffect (http://localhost:3000/_next/static/chunks/spontus_src_0rnqc2t._.js?id=%255Bproject%255D%252Fspontus%252Fsrc%252Fcomponents%252Fproviders%252Fapplications-provider.tsx+%255Bapp-client%255D+%2528ecmascript%2529:52:18)
    at Object.react_stack_bottom_frame (http://localhost:3000/_next/static/chunks/08.h_next_dist_compiled_react-dom_007fiar._.js:15087:22)
    at runWithFiberInDEV (http://localhost:3000/_next/static/chunks/08.h_next_dist_compiled_react-dom_007fiar._.js:965:74)
    at commitHookEffectListMount (http://localhost:3000/_next/static/chunks/08.h_next_dist_compiled_react-dom_007fiar._.js:7255:167)
    at commitHookPassiveMountEffects (http://localhost:3000/_next/static/chunks/08.h_next_dist_compiled_react-dom_007fiar._.js:7290:60)
    at commitPassiveMountOnFiber (http://localhost:3000/_next/static/chunks/08.h_next_dist_compiled_react-dom_007fiar._.js:8689:33)
    at recursivelyTraversePassiveMountEffects (http://localhost:3000/_next/static/chunks/08.h_next_dist_compiled_react-dom_007fiar._.js:8676:316)
    at commitPassiveMountOnFiber (http://localhost:3000/_next/static/chunks/08.h_next_dist_compiled_react-dom_007fiar._.js:8750:17)
    at recursivelyTraversePassiveMountEffects (http://localhost:3000/_next/static/chunks/08.h_next_dist_compiled_react-dom_007fiar._.js:8676:316)
    at commitPassiveMountOnFiber (http://localhost:3000/_next/static/chunks/08.h_next_dist_compiled_react-dom_007fiar._.js:8688:17)
    at recursivelyTraversePassiveMountEffects (http://localhost:3000/_next/static/chunks/08.h_next_dist_compiled_react-dom_007fiar._.js:8676:316)
    at commitPassiveMountOnFiber (http://localhost:3000/_next/static/chunks/08.h_next_dist_compiled_react-dom_007fiar._.js:8688:17)
    at recursivelyTraversePassiveMountEffects (http://localhost:3000/_next/static/chunks/08.h_next_dist_compiled_react-dom_007fiar._.js:8676:316)
    at commitPassiveMountOnFiber (http://localhost:3000/_next/static/chunks/08.h_next_dist_compiled_react-dom_007fiar._.js:8750:17)
    at recursivelyTraversePassiveMountEffects (http://localhost:3000/_next/static/chunks/08.h_next_dist_compiled_react-dom_007fiar._.js:8676:316)
    at commitPassiveMountOnFiber (http://localhost:3000/_next/static/chunks/08.h_next_dist_compiled_react-dom_007fiar._.js:8750:17)
    at recursivelyTraversePassiveMountEffects (http://localhost:3000/_next/static/chunks/08.h_next_dist_compiled_react-dom_007fiar._.js:8676:316)
    at commitPassiveMountOnFiber (http://localhost:3000/_next/static/chunks/08.h_next_dist_compiled_react-dom_007fiar._.js:8750:17)
    at recursivelyTraversePassiveMountEffects (http://localhost:3000/_next/static/chunks/08.h_next_dist_compiled_react-dom_007fiar._.js:8676:316)
    at commitPassiveMountOnFiber (http://localhost:3000/_next/static/chunks/08.h_next_dist_compiled_react-dom_007fiar._.js:8688:17)
    at recursivelyTraversePassiveMountEffects (http://localhost:3000/_next/static/chunks/08.h_next_dist_compiled_react-dom_007fiar._.js:8676:316)
    at commitPassiveMountOnFiber (http://localhost:3000/_next/static/chunks/08.h_next_dist_compiled_react-dom_007fiar._.js:8688:17)
    at recursivelyTraversePassiveMountEffects (http://localhost:3000/_next/static/chunks/08.h_next_dist_compiled_react-dom_007fiar._.js:8676:316)
    at commitPassiveMountOnFiber (http://localhost:3000/_next/static/chunks/08.h_next_dist_compiled_react-dom_007fiar._.js:8693:17)
    at recursivelyTraversePassiveMountEffects (http://localhost:3000/_next/static/chunks/08.h_next_dist_compiled_react-dom_007fiar._.js:8676:316)
    at commitPassiveMountOnFiber (http://localhost:3000/_next/static/chunks/08.h_next_dist_compiled_react-dom_007fiar._.js:8688:17)
    at recursivelyTraversePassiveMountEffects (http://localhost:3000/_next/static/chunks/08.h_next_dist_compiled_react-dom_007fiar._.js:8676:316)
    at commitPassiveMountOnFiber (http://localhost:3000/_next/static/chunks/08.h_next_dist_compiled_react-dom_007fiar._.js:8693:17)
    at recursivelyTraversePassiveMountEffects (http://localhost:3000/_next/static/chunks/08.h_next_dist_compiled_react-dom_007fiar._.js:8676:316)
    at commitPassiveMountOnFiber (http://localhost:3000/_next/static/chunks/08.h_next_dist_compiled_react-dom_007fiar._.js:8688:17)
    at recursivelyTraversePassiveMountEffects (http://localhost:3000/_next/static/chunks/08.h_next_dist_compiled_react-dom_007fiar._.js:8676:316)
    at commitPassiveMountOnFiber (http://localhost:3000/_next/static/chunks/08.h_next_dist_compiled_react-dom_007fiar._.js:8688:17)
    at recursivelyTraversePassiveMountEffects (http://localhost:3000/_next/static/chunks/08.h_next_dist_compiled_react-dom_007fiar._.js:8676:316)
    at commitPassiveMountOnFiber (http://localhost:3000/_next/static/chunks/08.h_next_dist_compiled_react-dom_007fiar._.js:8693:17)
    at recursivelyTraversePassiveMountEffects (http://localhost:3000/_next/static/chunks/08.h_next_dist_compiled_react-dom_007fiar._.js:8676:316)
    at commitPassiveMountOnFiber (http://localhost:3000/_next/static/chunks/08.h_next_dist_compiled_react-dom_007fiar._.js:8688:17)
    at recursivelyTraversePassiveMountEffects (http://localhost:3000/_next/static/chunks/08.h_next_dist_compiled_react-dom_007fiar._.js:8676:316)
    at commitPassiveMountOnFiber (http://localhost:3000/_next/static/chunks/08.h_next_dist_compiled_react-dom_007fiar._.js:8750:17)
    at recursivelyTraversePassiveMountEffects (http://localhost:3000/_next/static/chunks/08.h_next_dist_compiled_react-dom_007fiar._.js:8676:316)
    at commitPassiveMountOnFiber (http://localhost:3000/_next/static/chunks/08.h_next_dist_compiled_react-dom_007fiar._.js:8750:17)
    at recursivelyTraversePassiveMountEffects (http://localhost:3000/_next/static/chunks/08.h_next_dist_compiled_react-dom_007fiar._.js:8676:316)
    at commitPassiveMountOnFiber (http://localhost:3000/_next/static/chunks/08.h_next_dist_compiled_react-dom_007fiar._.js:8750:17)
    at recursivelyTraversePassiveMountEffects (http://localhost:3000/_next/static/chunks/08.h_next_dist_compiled_react-dom_007fiar._.js:8676:316)
    at commitPassiveMountOnFiber (http://localhost:3000/_next/static/chunks/08.h_next_dist_compiled_react-dom_007fiar._.js:8750:17)
    at recursivelyTraversePassiveMountEffects (http://localhost:3000/_next/static/chunks/08.h_next_dist_compiled_react-dom_007fiar._.js:8676:316)
    at commitPassiveMountOnFiber (http://localhost:3000/_next/static/chunks/08.h_next_dist_compiled_react-dom_007fiar._.js:8750:17)
    at recursivelyTraversePassiveMountEffects (http://localhost:3000/_next/static/chunks/08.h_next_dist_compiled_react-dom_007fiar._.js:8676:316)
    at commitPassiveMountOnFiber (http://localhost:3000/_next/static/chunks/08.h_next_dist_compiled_react-dom_007fiar._.js:8750:17)
    at recursivelyTraversePassiveMountEffects (http://localhost:3000/_next/static/chunks/08.h_next_dist_compiled_react-dom_007fiar._.js:8676:316)
[  859891ms] [LOG] [Fast Refresh] done in 63ms @ http://localhost:3000/_next/static/chunks/08.h_next_dist_0ggglf.._.js:2477
[  859993ms] [LOG] [Fast Refresh] rebuilding @ http://localhost:3000/_next/static/chunks/08.h_next_dist_0ggglf.._.js:2477
[  860437ms] [LOG] [Fast Refresh] done in 253ms @ http://localhost:3000/_next/static/chunks/08.h_next_dist_0ggglf.._.js:2477
[  871113ms] [LOG] [Fast Refresh] rebuilding @ http://localhost:3000/_next/static/chunks/08.h_next_dist_0ggglf.._.js:2477
[  871148ms] [LOG] [Fast Refresh] done in 42ms @ http://localhost:3000/_next/static/chunks/08.h_next_dist_0ggglf.._.js:2477
[  902949ms] [LOG] [Fast Refresh] rebuilding @ http://localhost:3000/_next/static/chunks/08.h_next_dist_0ggglf.._.js:2477
[  903522ms] [LOG] [Fast Refresh] done in 675ms @ http://localhost:3000/_next/static/chunks/08.h_next_dist_0ggglf.._.js:2477
[ 1193786ms] [INFO] %cDownload the React DevTools for a better development experience: https://react.dev/link/react-devtools font-weight:bold @ http://localhost:3000/_next/static/chunks/08.h_next_dist_0ggglf.._.js:2477
[ 1193802ms] [LOG] [HMR] connected @ http://localhost:3000/_next/static/chunks/08.h_next_dist_0ggglf.._.js:2477
[ 1195158ms] [INFO] %cDownload the React DevTools for a better development experience: https://react.dev/link/react-devtools font-weight:bold @ http://localhost:3000/_next/static/chunks/08.h_next_dist_0ggglf.._.js:2477
[ 1195167ms] [LOG] [HMR] connected @ http://localhost:3000/_next/static/chunks/08.h_next_dist_0ggglf.._.js:2477
[ 1196155ms] [INFO] %cDownload the React DevTools for a better development experience: https://react.dev/link/react-devtools font-weight:bold @ http://localhost:3000/_next/static/chunks/08.h_next_dist_0ggglf.._.js:2477
[ 1196166ms] [LOG] [HMR] connected @ http://localhost:3000/_next/static/chunks/08.h_next_dist_0ggglf.._.js:2477
[ 1197088ms] [INFO] %cDownload the React DevTools for a better development experience: https://react.dev/link/react-devtools font-weight:bold @ http://localhost:3000/_next/static/chunks/08.h_next_dist_0ggglf.._.js:2477
[ 1197102ms] [LOG] [HMR] connected @ http://localhost:3000/_next/static/chunks/08.h_next_dist_0ggglf.._.js:2477
[ 1203465ms] [ERROR] WebSocket connection to 'ws://localhost:3000/_next/webpack-hmr?id=q6qQliDDqrt4DhJEWhEYO' failed:  @ http://localhost:3000/_next/static/chunks/08.h_next_dist_client_0g3bpaj._.js:13322
[ 1204475ms] [ERROR] WebSocket connection to 'ws://localhost:3000/_next/webpack-hmr?id=q6qQliDDqrt4DhJEWhEYO' failed: Error in connection establishment: net::ERR_CONNECTION_REFUSED @ http://localhost:3000/_next/static/chunks/08.h_next_dist_client_0g3bpaj._.js:13322
[ 1205613ms] [LOG] [HMR] connected @ http://localhost:3000/_next/static/chunks/08.h_next_dist_0ggglf.._.js:2477
[ 1206464ms] [INFO] %cDownload the React DevTools for a better development experience: https://react.dev/link/react-devtools font-weight:bold @ http://localhost:3000/_next/static/chunks/08.h_next_dist_0ggglf.._.js:2477
[ 1206474ms] [LOG] [HMR] connected @ http://localhost:3000/_next/static/chunks/08.h_next_dist_0ggglf.._.js:2477
[ 1213425ms] [INFO] %cDownload the React DevTools for a better development experience: https://react.dev/link/react-devtools font-weight:bold @ http://localhost:3000/_next/static/chunks/08.h_next_dist_0ggglf.._.js:2477
[ 1213434ms] [LOG] [HMR] connected @ http://localhost:3000/_next/static/chunks/08.h_next_dist_0ggglf.._.js:2477
[ 1215191ms] [INFO] %cDownload the React DevTools for a better development experience: https://react.dev/link/react-devtools font-weight:bold @ http://localhost:3000/_next/static/chunks/08.h_next_dist_0ggglf.._.js:2477
[ 1215201ms] [LOG] [HMR] connected @ http://localhost:3000/_next/static/chunks/08.h_next_dist_0ggglf.._.js:2477
[ 1229319ms] [LOG] [Fast Refresh] rebuilding @ http://localhost:3000/_next/static/chunks/08.h_next_dist_0ggglf.._.js:2477
[ 1229839ms] [LOG] [Fast Refresh] done in 602ms @ http://localhost:3000/_next/static/chunks/08.h_next_dist_0ggglf.._.js:2477
[ 1230222ms] [INFO] %cDownload the React DevTools for a better development experience: https://react.dev/link/react-devtools font-weight:bold @ http://localhost:3000/_next/static/chunks/08.h_next_dist_0ggglf.._.js:2477
[ 1230235ms] [LOG] [HMR] connected @ http://localhost:3000/_next/static/chunks/08.h_next_dist_0ggglf.._.js:2477
[ 1492620ms] [LOG] [Fast Refresh] rebuilding @ http://localhost:3000/_next/static/chunks/08.h_next_dist_0ggglf.._.js:2477
[ 1493433ms] [ERROR] Failed to fetch applications: TypeError: Cannot read properties of null (reading 'from')
    at fetchApplications (http://localhost:3000/_next/static/chunks/spontus_src_0yx5wbe._.js?id=%255Bproject%255D%252Fspontus%252Fsrc%252Fcomponents%252Fproviders%252Fapplications-provider.tsx+%255Bapp-client%255D+%2528ecmascript%2529:31:196)
    at ApplicationsProvider.useEffect (http://localhost:3000/_next/static/chunks/spontus_src_0yx5wbe._.js?id=%255Bproject%255D%252Fspontus%252Fsrc%252Fcomponents%252Fproviders%252Fapplications-provider.tsx+%255Bapp-client%255D+%2528ecmascript%2529:43:13)
    at Object.react_stack_bottom_frame (http://localhost:3000/_next/static/chunks/08.h_next_dist_compiled_react-dom_007fiar._.js:15087:22)
    at runWithFiberInDEV (http://localhost:3000/_next/static/chunks/08.h_next_dist_compiled_react-dom_007fiar._.js:965:74)
    at commitHookEffectListMount (http://localhost:3000/_next/static/chunks/08.h_next_dist_compiled_react-dom_007fiar._.js:7255:167)
    at commitHookPassiveMountEffects (http://localhost:3000/_next/static/chunks/08.h_next_dist_compiled_react-dom_007fiar._.js:7290:60)
    at commitPassiveMountOnFiber (http://localhost:3000/_next/static/chunks/08.h_next_dist_compiled_react-dom_007fiar._.js:8689:33)
    at recursivelyTraversePassiveMountEffects (http://localhost:3000/_next/static/chunks/08.h_next_dist_compiled_react-dom_007fiar._.js:8676:316)
    at commitPassiveMountOnFiber (http://localhost:3000/_next/static/chunks/08.h_next_dist_compiled_react-dom_007fiar._.js:8750:17)
    at recursivelyTraversePassiveMountEffects (http://localhost:3000/_next/static/chunks/08.h_next_dist_compiled_react-dom_007fiar._.js:8676:316)
    at commitPassiveMountOnFiber (http://localhost:3000/_next/static/chunks/08.h_next_dist_compiled_react-dom_007fiar._.js:8688:17)
    at recursivelyTraversePassiveMountEffects (http://localhost:3000/_next/static/chunks/08.h_next_dist_compiled_react-dom_007fiar._.js:8676:316)
    at commitPassiveMountOnFiber (http://localhost:3000/_next/static/chunks/08.h_next_dist_compiled_react-dom_007fiar._.js:8688:17)
    at recursivelyTraversePassiveMountEffects (http://localhost:3000/_next/static/chunks/08.h_next_dist_compiled_react-dom_007fiar._.js:8676:316)
    at commitPassiveMountOnFiber (http://localhost:3000/_next/static/chunks/08.h_next_dist_compiled_react-dom_007fiar._.js:8750:17)
    at recursivelyTraversePassiveMountEffects (http://localhost:3000/_next/static/chunks/08.h_next_dist_compiled_react-dom_007fiar._.js:8676:316)
    at commitPassiveMountOnFiber (http://localhost:3000/_next/static/chunks/08.h_next_dist_compiled_react-dom_007fiar._.js:8750:17)
    at recursivelyTraversePassiveMountEffects (http://localhost:3000/_next/static/chunks/08.h_next_dist_compiled_react-dom_007fiar._.js:8676:316)
    at commitPassiveMountOnFiber (http://localhost:3000/_next/static/chunks/08.h_next_dist_compiled_react-dom_007fiar._.js:8750:17)
    at recursivelyTraversePassiveMountEffects (http://localhost:3000/_next/static/chunks/08.h_next_dist_compiled_react-dom_007fiar._.js:8676:316)
    at commitPassiveMountOnFiber (http://localhost:3000/_next/static/chunks/08.h_next_dist_compiled_react-dom_007fiar._.js:8688:17)
    at recursivelyTraversePassiveMountEffects (http://localhost:3000/_next/static/chunks/08.h_next_dist_compiled_react-dom_007fiar._.js:8676:316)
    at commitPassiveMountOnFiber (http://localhost:3000/_next/static/chunks/08.h_next_dist_compiled_react-dom_007fiar._.js:8688:17)
    at recursivelyTraversePassiveMountEffects (http://localhost:3000/_next/static/chunks/08.h_next_dist_compiled_react-dom_007fiar._.js:8676:316)
    at commitPassiveMountOnFiber (http://localhost:3000/_next/static/chunks/08.h_next_dist_compiled_react-dom_007fiar._.js:8693:17)
    at recursivelyTraversePassiveMountEffects (http://localhost:3000/_next/static/chunks/08.h_next_dist_compiled_react-dom_007fiar._.js:8676:316)
    at commitPassiveMountOnFiber (http://localhost:3000/_next/static/chunks/08.h_next_dist_compiled_react-dom_007fiar._.js:8688:17)
    at recursivelyTraversePassiveMountEffects (http://localhost:3000/_next/static/chunks/08.h_next_dist_compiled_react-dom_007fiar._.js:8676:316)
    at commitPassiveMountOnFiber (http://localhost:3000/_next/static/chunks/08.h_next_dist_compiled_react-dom_007fiar._.js:8693:17)
    at recursivelyTraversePassiveMountEffects (http://localhost:3000/_next/static/chunks/08.h_next_dist_compiled_react-dom_007fiar._.js:8676:316)
    at commitPassiveMountOnFiber (http://localhost:3000/_next/static/chunks/08.h_next_dist_compiled_react-dom_007fiar._.js:8688:17)
    at recursivelyTraversePassiveMountEffects (http://localhost:3000/_next/static/chunks/08.h_next_dist_compiled_react-dom_007fiar._.js:8676:316)
    at commitPassiveMountOnFiber (http://localhost:3000/_next/static/chunks/08.h_next_dist_compiled_react-dom_007fiar._.js:8688:17)
    at recursivelyTraversePassiveMountEffects (http://localhost:3000/_next/static/chunks/08.h_next_dist_compiled_react-dom_007fiar._.js:8676:316)
    at commitPassiveMountOnFiber (http://localhost:3000/_next/static/chunks/08.h_next_dist_compiled_react-dom_007fiar._.js:8693:17)
    at recursivelyTraversePassiveMountEffects (http://localhost:3000/_next/static/chunks/08.h_next_dist_compiled_react-dom_007fiar._.js:8676:316)
    at commitPassiveMountOnFiber (http://localhost:3000/_next/static/chunks/08.h_next_dist_compiled_react-dom_007fiar._.js:8688:17)
    at recursivelyTraversePassiveMountEffects (http://localhost:3000/_next/static/chunks/08.h_next_dist_compiled_react-dom_007fiar._.js:8676:316)
    at commitPassiveMountOnFiber (http://localhost:3000/_next/static/chunks/08.h_next_dist_compiled_react-dom_007fiar._.js:8750:17)
    at recursivelyTraversePassiveMountEffects (http://localhost:3000/_next/static/chunks/08.h_next_dist_compiled_react-dom_007fiar._.js:8676:316)
    at commitPassiveMountOnFiber (http://localhost:3000/_next/static/chunks/08.h_next_dist_compiled_react-dom_007fiar._.js:8750:17)
    at recursivelyTraversePassiveMountEffects (http://localhost:3000/_next/static/chunks/08.h_next_dist_compiled_react-dom_007fiar._.js:8676:316)
    at commitPassiveMountOnFiber (http://localhost:3000/_next/static/chunks/08.h_next_dist_compiled_react-dom_007fiar._.js:8750:17)
    at recursivelyTraversePassiveMountEffects (http://localhost:3000/_next/static/chunks/08.h_next_dist_compiled_react-dom_007fiar._.js:8676:316)
    at commitPassiveMountOnFiber (http://localhost:3000/_next/static/chunks/08.h_next_dist_compiled_react-dom_007fiar._.js:8750:17)
    at recursivelyTraversePassiveMountEffects (http://localhost:3000/_next/static/chunks/08.h_next_dist_compiled_react-dom_007fiar._.js:8676:316)
    at commitPassiveMountOnFiber (http://localhost:3000/_next/static/chunks/08.h_next_dist_compiled_react-dom_007fiar._.js:8750:17)
    at recursivelyTraversePassiveMountEffects (http://localhost:3000/_next/static/chunks/08.h_next_dist_compiled_react-dom_007fiar._.js:8676:316)
    at commitPassiveMountOnFiber (http://localhost:3000/_next/static/chunks/08.h_next_dist_compiled_react-dom_007fiar._.js:8750:17)
    at recursivelyTraversePassiveMountEffects (http://localhost:3000/_next/static/chunks/08.h_next_dist_compiled_react-dom_007fiar._.js:8676:316) @ http://localhost:3000/_next/static/chunks/08.h_next_dist_0ggglf.._.js:3318
[ 1493433ms] [LOG] [Fast Refresh] done in 903ms @ http://localhost:3000/_next/static/chunks/08.h_next_dist_0ggglf.._.js:2477
[ 1493548ms] [LOG] [Fast Refresh] rebuilding @ http://localhost:3000/_next/static/chunks/08.h_next_dist_0ggglf.._.js:2477
[ 1493579ms] [LOG] [Fast Refresh] done in 132ms @ http://localhost:3000/_next/static/chunks/08.h_next_dist_0ggglf.._.js:2477
[ 1493691ms] [LOG] [Fast Refresh] rebuilding @ http://localhost:3000/_next/static/chunks/08.h_next_dist_0ggglf.._.js:2477
[ 1493722ms] [LOG] [Fast Refresh] done in 131ms @ http://localhost:3000/_next/static/chunks/08.h_next_dist_0ggglf.._.js:2477
[ 1493796ms] [INFO] %cDownload the React DevTools for a better development experience: https://react.dev/link/react-devtools font-weight:bold @ http://localhost:3000/_next/static/chunks/08.h_next_dist_0ggglf.._.js:2477
[ 1493810ms] [LOG] [HMR] connected @ http://localhost:3000/_next/static/chunks/08.h_next_dist_0ggglf.._.js:2477
[ 1493832ms] [ERROR] Failed to fetch applications: TypeError: Cannot read properties of null (reading 'from')
    at fetchApplications (http://localhost:3000/_next/static/chunks/spontus_src_0yx5wbe._.js:1547:196)
    at ApplicationsProvider.useEffect (http://localhost:3000/_next/static/chunks/spontus_src_0yx5wbe._.js:1559:13)
    at Object.react_stack_bottom_frame (http://localhost:3000/_next/static/chunks/08.h_next_dist_compiled_react-dom_007fiar._.js:15087:22)
    at runWithFiberInDEV (http://localhost:3000/_next/static/chunks/08.h_next_dist_compiled_react-dom_007fiar._.js:965:74)
    at commitHookEffectListMount (http://localhost:3000/_next/static/chunks/08.h_next_dist_compiled_react-dom_007fiar._.js:7255:167)
    at commitHookPassiveMountEffects (http://localhost:3000/_next/static/chunks/08.h_next_dist_compiled_react-dom_007fiar._.js:7290:60)
    at commitPassiveMountOnFiber (http://localhost:3000/_next/static/chunks/08.h_next_dist_compiled_react-dom_007fiar._.js:8689:33)
    at recursivelyTraversePassiveMountEffects (http://localhost:3000/_next/static/chunks/08.h_next_dist_compiled_react-dom_007fiar._.js:8676:316)
    at commitPassiveMountOnFiber (http://localhost:3000/_next/static/chunks/08.h_next_dist_compiled_react-dom_007fiar._.js:8750:17)
    at recursivelyTraversePassiveMountEffects (http://localhost:3000/_next/static/chunks/08.h_next_dist_compiled_react-dom_007fiar._.js:8676:316)
    at commitPassiveMountOnFiber (http://localhost:3000/_next/static/chunks/08.h_next_dist_compiled_react-dom_007fiar._.js:8688:17)
    at recursivelyTraversePassiveMountEffects (http://localhost:3000/_next/static/chunks/08.h_next_dist_compiled_react-dom_007fiar._.js:8676:316)
    at commitPassiveMountOnFiber (http://localhost:3000/_next/static/chunks/08.h_next_dist_compiled_react-dom_007fiar._.js:8688:17)
    at recursivelyTraversePassiveMountEffects (http://localhost:3000/_next/static/chunks/08.h_next_dist_compiled_react-dom_007fiar._.js:8676:316)
    at commitPassiveMountOnFiber (http://localhost:3000/_next/static/chunks/08.h_next_dist_compiled_react-dom_007fiar._.js:8750:17)
    at recursivelyTraversePassiveMountEffects (http://localhost:3000/_next/static/chunks/08.h_next_dist_compiled_react-dom_007fiar._.js:8676:316)
    at commitPassiveMountOnFiber (http://localhost:3000/_next/static/chunks/08.h_next_dist_compiled_react-dom_007fiar._.js:8750:17)
    at recursivelyTraversePassiveMountEffects (http://localhost:3000/_next/static/chunks/08.h_next_dist_compiled_react-dom_007fiar._.js:8676:316)
    at commitPassiveMountOnFiber (http://localhost:3000/_next/static/chunks/08.h_next_dist_compiled_react-dom_007fiar._.js:8750:17)
    at recursivelyTraversePassiveMountEffects (http://localhost:3000/_next/static/chunks/08.h_next_dist_compiled_react-dom_007fiar._.js:8676:316)
    at commitPassiveMountOnFiber (http://localhost:3000/_next/static/chunks/08.h_next_dist_compiled_react-dom_007fiar._.js:8688:17)
    at recursivelyTraversePassiveMountEffects (http://localhost:3000/_next/static/chunks/08.h_next_dist_compiled_react-dom_007fiar._.js:8676:316)
    at commitPassiveMountOnFiber (http://localhost:3000/_next/static/chunks/08.h_next_dist_compiled_react-dom_007fiar._.js:8688:17)
    at recursivelyTraversePassiveMountEffects (http://localhost:3000/_next/static/chunks/08.h_next_dist_compiled_react-dom_007fiar._.js:8676:316)
    at commitPassiveMountOnFiber (http://localhost:3000/_next/static/chunks/08.h_next_dist_compiled_react-dom_007fiar._.js:8693:17)
    at recursivelyTraversePassiveMountEffects (http://localhost:3000/_next/static/chunks/08.h_next_dist_compiled_react-dom_007fiar._.js:8676:316)
    at commitPassiveMountOnFiber (http://localhost:3000/_next/static/chunks/08.h_next_dist_compiled_react-dom_007fiar._.js:8688:17)
    at recursivelyTraversePassiveMountEffects (http://localhost:3000/_next/static/chunks/08.h_next_dist_compiled_react-dom_007fiar._.js:8676:316)
    at commitPassiveMountOnFiber (http://localhost:3000/_next/static/chunks/08.h_next_dist_compiled_react-dom_007fiar._.js:8693:17)
    at recursivelyTraversePassiveMountEffects (http://localhost:3000/_next/static/chunks/08.h_next_dist_compiled_react-dom_007fiar._.js:8676:316)
    at commitPassiveMountOnFiber (http://localhost:3000/_next/static/chunks/08.h_next_dist_compiled_react-dom_007fiar._.js:8688:17)
    at recursivelyTraversePassiveMountEffects (http://localhost:3000/_next/static/chunks/08.h_next_dist_compiled_react-dom_007fiar._.js:8676:316)
    at commitPassiveMountOnFiber (http://localhost:3000/_next/static/chunks/08.h_next_dist_compiled_react-dom_007fiar._.js:8688:17)
    at recursivelyTraversePassiveMountEffects (http://localhost:3000/_next/static/chunks/08.h_next_dist_compiled_react-dom_007fiar._.js:8676:316)
    at commitPassiveMountOnFiber (http://localhost:3000/_next/static/chunks/08.h_next_dist_compiled_react-dom_007fiar._.js:8693:17)
    at recursivelyTraversePassiveMountEffects (http://localhost:3000/_next/static/chunks/08.h_next_dist_compiled_react-dom_007fiar._.js:8676:316)
    at commitPassiveMountOnFiber (http://localhost:3000/_next/static/chunks/08.h_next_dist_compiled_react-dom_007fiar._.js:8688:17)
    at recursivelyTraversePassiveMountEffects (http://localhost:3000/_next/static/chunks/08.h_next_dist_compiled_react-dom_007fiar._.js:8676:316)
    at commitPassiveMountOnFiber (http://localhost:3000/_next/static/chunks/08.h_next_dist_compiled_react-dom_007fiar._.js:8750:17)
    at recursivelyTraversePassiveMountEffects (http://localhost:3000/_next/static/chunks/08.h_next_dist_compiled_react-dom_007fiar._.js:8676:316)
    at commitPassiveMountOnFiber (http://localhost:3000/_next/static/chunks/08.h_next_dist_compiled_react-dom_007fiar._.js:8750:17)
    at recursivelyTraversePassiveMountEffects (http://localhost:3000/_next/static/chunks/08.h_next_dist_compiled_react-dom_007fiar._.js:8676:316)
    at commitPassiveMountOnFiber (http://localhost:3000/_next/static/chunks/08.h_next_dist_compiled_react-dom_007fiar._.js:8750:17)
    at recursivelyTraversePassiveMountEffects (http://localhost:3000/_next/static/chunks/08.h_next_dist_compiled_react-dom_007fiar._.js:8676:316)
    at commitPassiveMountOnFiber (http://localhost:3000/_next/static/chunks/08.h_next_dist_compiled_react-dom_007fiar._.js:8750:17)
    at recursivelyTraversePassiveMountEffects (http://localhost:3000/_next/static/chunks/08.h_next_dist_compiled_react-dom_007fiar._.js:8676:316)
    at commitPassiveMountOnFiber (http://localhost:3000/_next/static/chunks/08.h_next_dist_compiled_react-dom_007fiar._.js:8750:17)
    at recursivelyTraversePassiveMountEffects (http://localhost:3000/_next/static/chunks/08.h_next_dist_compiled_react-dom_007fiar._.js:8676:316)
    at commitPassiveMountOnFiber (http://localhost:3000/_next/static/chunks/08.h_next_dist_compiled_react-dom_007fiar._.js:8750:17)
    at recursivelyTraversePassiveMountEffects (http://localhost:3000/_next/static/chunks/08.h_next_dist_compiled_react-dom_007fiar._.js:8676:316) @ http://localhost:3000/_next/static/chunks/08.h_next_dist_0ggglf.._.js:3318
[ 1731013ms] [LOG] [Fast Refresh] rebuilding @ http://localhost:3000/_next/static/chunks/08.h_next_dist_0ggglf.._.js:2477
[ 1731265ms] [LOG] [Fast Refresh] done in 344ms @ http://localhost:3000/_next/static/chunks/08.h_next_dist_0ggglf.._.js:2477
[ 1731438ms] [LOG] [Fast Refresh] rebuilding @ http://localhost:3000/_next/static/chunks/08.h_next_dist_0ggglf.._.js:2477
[ 1731464ms] [LOG] [Fast Refresh] done in 129ms @ http://localhost:3000/_next/static/chunks/08.h_next_dist_0ggglf.._.js:2477
[ 1731650ms] [INFO] %cDownload the React DevTools for a better development experience: https://react.dev/link/react-devtools font-weight:bold @ http://localhost:3000/_next/static/chunks/08.h_next_dist_0ggglf.._.js:2477
[ 1731664ms] [LOG] [HMR] connected @ http://localhost:3000/_next/static/chunks/08.h_next_dist_0ggglf.._.js:2477
[ 4887176ms] [LOG] [HMR] connected @ http://localhost:3000/_next/static/chunks/08.h_next_dist_0ggglf.._.js:2477
[13802864ms] [LOG] [Fast Refresh] rebuilding @ http://localhost:3000/_next/static/chunks/08.h_next_dist_0ggglf.._.js:2477
[13802869ms] [LOG] [Fast Refresh] done in 106ms @ http://localhost:3000/_next/static/chunks/08.h_next_dist_0ggglf.._.js:2477
[13803152ms] [LOG] [Fast Refresh] rebuilding @ http://localhost:3000/_next/static/chunks/08.h_next_dist_0ggglf.._.js:2477
[13803499ms] [LOG] [Fast Refresh] done in 448ms @ http://localhost:3000/_next/static/chunks/08.h_next_dist_0ggglf.._.js:2477
[13804670ms] [LOG] [Fast Refresh] rebuilding @ http://localhost:3000/_next/static/chunks/08.h_next_dist_0ggglf.._.js:2477
[13804737ms] [LOG] [Fast Refresh] done in 169ms @ http://localhost:3000/_next/static/chunks/08.h_next_dist_0ggglf.._.js:2477
[21936705ms] [LOG] [HMR] connected @ http://localhost:3000/_next/static/chunks/08.h_next_dist_0ggglf.._.js:2477
[23561211ms] [LOG] [HMR] connected @ http://localhost:3000/_next/static/chunks/08.h_next_dist_0ggglf.._.js:2477
[23734146ms] [LOG] [HMR] connected @ http://localhost:3000/_next/static/chunks/08.h_next_dist_0ggglf.._.js:2477
[68675368ms] [LOG] [HMR] connected @ http://localhost:3000/_next/static/chunks/08.h_next_dist_0ggglf.._.js:2477
[71255771ms] [LOG] [HMR] connected @ http://localhost:3000/_next/static/chunks/08.h_next_dist_0ggglf.._.js:2477
[75945030ms] [LOG] [Fast Refresh] rebuilding @ http://localhost:3000/_next/static/chunks/08.h_next_dist_0ggglf.._.js:2477
[75945316ms] [LOG] [Fast Refresh] done in 389ms @ http://localhost:3000/_next/static/chunks/08.h_next_dist_0ggglf.._.js:2477
[82667738ms] [LOG] [HMR] connected @ http://localhost:3000/_next/static/chunks/08.h_next_dist_0ggglf.._.js:2477
[82675487ms] [LOG] [HMR] connected @ http://localhost:3000/_next/static/chunks/08.h_next_dist_0ggglf.._.js:2477
[82850306ms] [LOG] [HMR] connected @ http://localhost:3000/_next/static/chunks/08.h_next_dist_0ggglf.._.js:2477
[86271280ms] [LOG] [HMR] connected @ http://localhost:3000/_next/static/chunks/08.h_next_dist_0ggglf.._.js:2477
[88317409ms] [LOG] [HMR] connected @ http://localhost:3000/_next/static/chunks/08.h_next_dist_0ggglf.._.js:2477
[160210214ms] [LOG] [HMR] connected @ http://localhost:3000/_next/static/chunks/08.h_next_dist_0ggglf.._.js:2477
[165639741ms] [LOG] [Fast Refresh] rebuilding @ http://localhost:3000/_next/static/chunks/08.h_next_dist_0ggglf.._.js:2477
[165640772ms] [LOG] [Fast Refresh] done in 1134ms @ http://localhost:3000/_next/static/chunks/08.h_next_dist_0ggglf.._.js:2477
[166228031ms] [LOG] [Fast Refresh] rebuilding @ http://localhost:3000/_next/static/chunks/08.h_next_dist_0ggglf.._.js:2477
[166228478ms] [LOG] [Fast Refresh] done in 548ms @ http://localhost:3000/_next/static/chunks/08.h_next_dist_0ggglf.._.js:2477
[166228732ms] [LOG] [Fast Refresh] rebuilding @ http://localhost:3000/_next/static/chunks/08.h_next_dist_0ggglf.._.js:2477
[166229279ms] [LOG] [Fast Refresh] done in 230ms @ http://localhost:3000/_next/static/chunks/08.h_next_dist_0ggglf.._.js:2477
[166250949ms] [LOG] [Fast Refresh] rebuilding @ http://localhost:3000/_next/static/chunks/08.h_next_dist_0ggglf.._.js:2477
[166251084ms] [LOG] [Fast Refresh] done in 237ms @ http://localhost:3000/_next/static/chunks/08.h_next_dist_0ggglf.._.js:2477
[166251185ms] [LOG] [Fast Refresh] rebuilding @ http://localhost:3000/_next/static/chunks/08.h_next_dist_0ggglf.._.js:2477
[166252000ms] [LOG] [Fast Refresh] done in 903ms @ http://localhost:3000/_next/static/chunks/08.h_next_dist_0ggglf.._.js:2477
[227500214ms] [VERBOSE] [DOM] Input elements should have autocomplete attributes (suggested: "current-password"): (More info: https://goo.gl/9p2vKq) %o @ https://spontus.netlify.app/login:0
[227500315ms] [WARNING] GoTrueClient@sb-yhvveuxfgeoxsgiautlf-auth-token:1 (2.106.2) 2026-05-31T15:13:04.908Z Multiple GoTrueClient instances detected in the same browser context. It is not an error, but this should be avoided as it may produce undefined behavior when used concurrently under the same storage key. @ https://spontus.netlify.app/_next/static/chunks/15qihp31mwjrd.js:23
[227504389ms] [WARNING] GoTrueClient@sb-yhvveuxfgeoxsgiautlf-auth-token:1 (2.106.2) 2026-05-31T15:13:08.983Z Multiple GoTrueClient instances detected in the same browser context. It is not an error, but this should be avoided as it may produce undefined behavior when used concurrently under the same storage key. @ https://spontus.netlify.app/_next/static/chunks/15qihp31mwjrd.js:23
[238330859ms] [WARNING] GoTrueClient@sb-yhvveuxfgeoxsgiautlf-auth-token:1 (2.106.2) 2026-05-31T18:13:35.452Z Multiple GoTrueClient instances detected in the same browser context. It is not an error, but this should be avoided as it may produce undefined behavior when used concurrently under the same storage key. @ https://spontus.netlify.app/_next/static/chunks/15qihp31mwjrd.js:23
[238332766ms] [VERBOSE] [DOM] Input elements should have autocomplete attributes (suggested: "current-password"): (More info: https://goo.gl/9p2vKq) %o @ https://spontus.netlify.app/login:0
[238332773ms] [WARNING] GoTrueClient@sb-yhvveuxfgeoxsgiautlf-auth-token:1 (2.106.2) 2026-05-31T18:13:37.366Z Multiple GoTrueClient instances detected in the same browser context. It is not an error, but this should be avoided as it may produce undefined behavior when used concurrently under the same storage key. @ https://spontus.netlify.app/_next/static/chunks/15qihp31mwjrd.js:23
[238334383ms] [WARNING] GoTrueClient@sb-yhvveuxfgeoxsgiautlf-auth-token:1 (2.106.2) 2026-05-31T18:13:38.976Z Multiple GoTrueClient instances detected in the same browser context. It is not an error, but this should be avoided as it may produce undefined behavior when used concurrently under the same storage key. @ https://spontus.netlify.app/_next/static/chunks/15qihp31mwjrd.js:23
[238335901ms] [WARNING] GoTrueClient@sb-yhvveuxfgeoxsgiautlf-auth-token:1 (2.106.2) 2026-05-31T18:13:40.494Z Multiple GoTrueClient instances detected in the same browser context. It is not an error, but this should be avoided as it may produce undefined behavior when used concurrently under the same storage key. @ https://spontus.netlify.app/_next/static/chunks/15qihp31mwjrd.js:23
[238338134ms] [WARNING] GoTrueClient@sb-yhvveuxfgeoxsgiautlf-auth-token:1 (2.106.2) 2026-05-31T18:13:42.727Z Multiple GoTrueClient instances detected in the same browser context. It is not an error, but this should be avoided as it may produce undefined behavior when used concurrently under the same storage key. @ https://spontus.netlify.app/_next/static/chunks/15qihp31mwjrd.js:23
[238339476ms] [WARNING] GoTrueClient@sb-yhvveuxfgeoxsgiautlf-auth-token:1 (2.106.2) 2026-05-31T18:13:44.069Z Multiple GoTrueClient instances detected in the same browser context. It is not an error, but this should be avoided as it may produce undefined behavior when used concurrently under the same storage key. @ https://spontus.netlify.app/_next/static/chunks/15qihp31mwjrd.js:23
[238341386ms] [WARNING] GoTrueClient@sb-yhvveuxfgeoxsgiautlf-auth-token:1 (2.106.2) 2026-05-31T18:13:45.980Z Multiple GoTrueClient instances detected in the same browser context. It is not an error, but this should be avoided as it may produce undefined behavior when used concurrently under the same storage key. @ https://spontus.netlify.app/_next/static/chunks/15qihp31mwjrd.js:23
[238372923ms] [WARNING] GoTrueClient@sb-yhvveuxfgeoxsgiautlf-auth-token:1 (2.106.2) 2026-05-31T18:14:17.517Z Multiple GoTrueClient instances detected in the same browser context. It is not an error, but this should be avoided as it may produce undefined behavior when used concurrently under the same storage key. @ https://spontus.netlify.app/_next/static/chunks/15qihp31mwjrd.js:23
[238383814ms] [WARNING] GoTrueClient@sb-yhvveuxfgeoxsgiautlf-auth-token:1 (2.106.2) 2026-05-31T18:14:28.407Z Multiple GoTrueClient instances detected in the same browser context. It is not an error, but this should be avoided as it may produce undefined behavior when used concurrently under the same storage key. @ https://spontus.netlify.app/_next/static/chunks/15qihp31mwjrd.js:23
[238385299ms] [WARNING] GoTrueClient@sb-yhvveuxfgeoxsgiautlf-auth-token:1 (2.106.2) 2026-05-31T18:14:29.892Z Multiple GoTrueClient instances detected in the same browser context. It is not an error, but this should be avoided as it may produce undefined behavior when used concurrently under the same storage key. @ https://spontus.netlify.app/_next/static/chunks/15qihp31mwjrd.js:23
[238386963ms] [WARNING] GoTrueClient@sb-yhvveuxfgeoxsgiautlf-auth-token:1 (2.106.2) 2026-05-31T18:14:31.556Z Multiple GoTrueClient instances detected in the same browser context. It is not an error, but this should be avoided as it may produce undefined behavior when used concurrently under the same storage key. @ https://spontus.netlify.app/_next/static/chunks/15qihp31mwjrd.js:23
[238390711ms] [WARNING] GoTrueClient@sb-yhvveuxfgeoxsgiautlf-auth-token:1 (2.106.2) 2026-05-31T18:14:35.305Z Multiple GoTrueClient instances detected in the same browser context. It is not an error, but this should be avoided as it may produce undefined behavior when used concurrently under the same storage key. @ https://spontus.netlify.app/_next/static/chunks/15qihp31mwjrd.js:23
[238392475ms] [WARNING] GoTrueClient@sb-yhvveuxfgeoxsgiautlf-auth-token:1 (2.106.2) 2026-05-31T18:14:37.068Z Multiple GoTrueClient instances detected in the same browser context. It is not an error, but this should be avoided as it may produce undefined behavior when used concurrently under the same storage key. @ https://spontus.netlify.app/_next/static/chunks/15qihp31mwjrd.js:23
[238394485ms] [WARNING] GoTrueClient@sb-yhvveuxfgeoxsgiautlf-auth-token:1 (2.106.2) 2026-05-31T18:14:39.078Z Multiple GoTrueClient instances detected in the same browser context. It is not an error, but this should be avoided as it may produce undefined behavior when used concurrently under the same storage key. @ https://spontus.netlify.app/_next/static/chunks/15qihp31mwjrd.js:23
[238396034ms] [WARNING] GoTrueClient@sb-yhvveuxfgeoxsgiautlf-auth-token:1 (2.106.2) 2026-05-31T18:14:40.628Z Multiple GoTrueClient instances detected in the same browser context. It is not an error, but this should be avoided as it may produce undefined behavior when used concurrently under the same storage key. @ https://spontus.netlify.app/_next/static/chunks/15qihp31mwjrd.js:23
[238427967ms] [WARNING] GoTrueClient@sb-yhvveuxfgeoxsgiautlf-auth-token:1 (2.106.2) 2026-05-31T18:15:12.560Z Multiple GoTrueClient instances detected in the same browser context. It is not an error, but this should be avoided as it may produce undefined behavior when used concurrently under the same storage key. @ https://spontus.netlify.app/_next/static/chunks/15qihp31mwjrd.js:23
[238429567ms] [WARNING] GoTrueClient@sb-yhvveuxfgeoxsgiautlf-auth-token:1 (2.106.2) 2026-05-31T18:15:14.161Z Multiple GoTrueClient instances detected in the same browser context. It is not an error, but this should be avoided as it may produce undefined behavior when used concurrently under the same storage key. @ https://spontus.netlify.app/_next/static/chunks/15qihp31mwjrd.js:23
[238460921ms] [WARNING] GoTrueClient@sb-yhvveuxfgeoxsgiautlf-auth-token:1 (2.106.2) 2026-05-31T18:15:45.515Z Multiple GoTrueClient instances detected in the same browser context. It is not an error, but this should be avoided as it may produce undefined behavior when used concurrently under the same storage key. @ https://spontus.netlify.app/_next/static/chunks/15qihp31mwjrd.js:23
[238462619ms] [ERROR] Failed to load resource: the server responded with a status of 404 () @ https://spontus.netlify.app/team/listings/lst-does-not-exist:0
[238462661ms] [WARNING] GoTrueClient@sb-yhvveuxfgeoxsgiautlf-auth-token:1 (2.106.2) 2026-05-31T18:15:47.255Z Multiple GoTrueClient instances detected in the same browser context. It is not an error, but this should be avoided as it may produce undefined behavior when used concurrently under the same storage key. @ https://spontus.netlify.app/_next/static/chunks/15qihp31mwjrd.js:23
[238464506ms] [ERROR] Failed to load resource: the server responded with a status of 404 () @ https://spontus.netlify.app/teams/not-a-real-team:0
[238464565ms] [WARNING] GoTrueClient@sb-yhvveuxfgeoxsgiautlf-auth-token:1 (2.106.2) 2026-05-31T18:15:49.159Z Multiple GoTrueClient instances detected in the same browser context. It is not an error, but this should be avoided as it may produce undefined behavior when used concurrently under the same storage key. @ https://spontus.netlify.app/_next/static/chunks/15qihp31mwjrd.js:23
[238544405ms] [WARNING] GoTrueClient@sb-yhvveuxfgeoxsgiautlf-auth-token:1 (2.106.2) 2026-05-31T18:17:08.998Z Multiple GoTrueClient instances detected in the same browser context. It is not an error, but this should be avoided as it may produce undefined behavior when used concurrently under the same storage key. @ https://spontus.netlify.app/_next/static/chunks/15qihp31mwjrd.js:23
[238544935ms] [VERBOSE] [DOM] Input elements should have autocomplete attributes (suggested: "current-password"): (More info: https://goo.gl/9p2vKq) %o @ https://spontus.netlify.app/login:0
[238544944ms] [WARNING] GoTrueClient@sb-yhvveuxfgeoxsgiautlf-auth-token:1 (2.106.2) 2026-05-31T18:17:09.538Z Multiple GoTrueClient instances detected in the same browser context. It is not an error, but this should be avoided as it may produce undefined behavior when used concurrently under the same storage key. @ https://spontus.netlify.app/_next/static/chunks/15qihp31mwjrd.js:23
[238545354ms] [WARNING] GoTrueClient@sb-yhvveuxfgeoxsgiautlf-auth-token:1 (2.106.2) 2026-05-31T18:17:09.947Z Multiple GoTrueClient instances detected in the same browser context. It is not an error, but this should be avoided as it may produce undefined behavior when used concurrently under the same storage key. @ https://spontus.netlify.app/_next/static/chunks/15qihp31mwjrd.js:23
[238545547ms] [WARNING] GoTrueClient@sb-yhvveuxfgeoxsgiautlf-auth-token:1 (2.106.2) 2026-05-31T18:17:10.140Z Multiple GoTrueClient instances detected in the same browser context. It is not an error, but this should be avoided as it may produce undefined behavior when used concurrently under the same storage key. @ https://spontus.netlify.app/_next/static/chunks/15qihp31mwjrd.js:23
[238545879ms] [WARNING] GoTrueClient@sb-yhvveuxfgeoxsgiautlf-auth-token:1 (2.106.2) 2026-05-31T18:17:10.473Z Multiple GoTrueClient instances detected in the same browser context. It is not an error, but this should be avoided as it may produce undefined behavior when used concurrently under the same storage key. @ https://spontus.netlify.app/_next/static/chunks/15qihp31mwjrd.js:23
[238546341ms] [WARNING] GoTrueClient@sb-yhvveuxfgeoxsgiautlf-auth-token:1 (2.106.2) 2026-05-31T18:17:10.934Z Multiple GoTrueClient instances detected in the same browser context. It is not an error, but this should be avoided as it may produce undefined behavior when used concurrently under the same storage key. @ https://spontus.netlify.app/_next/static/chunks/15qihp31mwjrd.js:23
[238546860ms] [WARNING] GoTrueClient@sb-yhvveuxfgeoxsgiautlf-auth-token:1 (2.106.2) 2026-05-31T18:17:11.453Z Multiple GoTrueClient instances detected in the same browser context. It is not an error, but this should be avoided as it may produce undefined behavior when used concurrently under the same storage key. @ https://spontus.netlify.app/_next/static/chunks/15qihp31mwjrd.js:23
[238547273ms] [WARNING] GoTrueClient@sb-yhvveuxfgeoxsgiautlf-auth-token:1 (2.106.2) 2026-05-31T18:17:11.866Z Multiple GoTrueClient instances detected in the same browser context. It is not an error, but this should be avoided as it may produce undefined behavior when used concurrently under the same storage key. @ https://spontus.netlify.app/_next/static/chunks/15qihp31mwjrd.js:23
[238547391ms] [ERROR] Failed to load resource: the server responded with a status of 403 () @ https://spontus.netlify.app/teams/cal-poly-triathlon:0
[238547487ms] [ERROR] Failed to load resource: the server responded with a status of 403 () @ https://spontus.netlify.app/sponsor/onboarding:0
[238547565ms] [ERROR] Failed to load resource: the server responded with a status of 403 () @ https://spontus.netlify.app/sponsor/listings/new:0
[238547646ms] [ERROR] TypeError: Failed to fetch
    at https://spontus.netlify.app/sponsor/listings/new:73:20 @ https://spontus.netlify.app/sponsor/listings/new:27
[238547647ms] [ERROR] Failed to load resource: the server responded with a status of 403 () @ https://spontus.netlify.app/sponsor/listings/lst-fluid-fall:0
[238547747ms] [ERROR] Failed to load resource: the server responded with a status of 403 () @ https://spontus.netlify.app/sponsor/listings/lst-fluid-fall/applicants:0
[238547844ms] [ERROR] Failed to load resource: the server responded with a status of 403 () @ https://spontus.netlify.app/admin/verification:0
[238547925ms] [ERROR] Failed to load resource: the server responded with a status of 403 () @ https://spontus.netlify.app/team/listings/lst-does-not-exist:0
[238550116ms] [ERROR] Failed to load resource: the server responded with a status of 404 () @ https://spontus.netlify.app/team/listings/lst-does-not-exist:0
[238550144ms] [WARNING] GoTrueClient@sb-yhvveuxfgeoxsgiautlf-auth-token:1 (2.106.2) 2026-05-31T18:17:14.738Z Multiple GoTrueClient instances detected in the same browser context. It is not an error, but this should be avoided as it may produce undefined behavior when used concurrently under the same storage key. @ https://spontus.netlify.app/_next/static/chunks/15qihp31mwjrd.js:23
