[      68ms] [ERROR] Failed to load resource: the server responded with a status of 500 (Internal Server Error) @ http://localhost:3000/_next/static/chunks/12tj79-rg9zw~.css:0
[      72ms] [ERROR] Failed to load resource: the server responded with a status of 500 (Internal Server Error) @ http://localhost:3000/_next/static/chunks/09p-2k0y4fxct.js:0
[      73ms] [ERROR] Failed to load resource: the server responded with a status of 500 (Internal Server Error) @ http://localhost:3000/_next/static/chunks/0yy_27d2wjdi0.js:0
[      74ms] [ERROR] Failed to load resource: the server responded with a status of 500 (Internal Server Error) @ http://localhost:3000/_next/static/chunks/turbopack-0zzdd3mxxma2b.js:0
[      75ms] [ERROR] Failed to load resource: the server responded with a status of 500 (Internal Server Error) @ http://localhost:3000/_next/static/chunks/0pkxxbq.~.cj7.js:0
[      75ms] [ERROR] Failed to load resource: the server responded with a status of 500 (Internal Server Error) @ http://localhost:3000/_next/static/chunks/0hxj_mmj4o3l2.js:0
[      75ms] [ERROR] Failed to load resource: the server responded with a status of 500 (Internal Server Error) @ http://localhost:3000/_next/static/chunks/0j-vvnz6iawpi.js:0
[      77ms] [ERROR] Failed to load resource: the server responded with a status of 500 (Internal Server Error) @ http://localhost:3000/_next/static/chunks/0l_9~1n-ou2v8.js:0
[      78ms] [ERROR] Failed to load resource: the server responded with a status of 500 (Internal Server Error) @ http://localhost:3000/_next/static/chunks/15ya_ghu6h1ih.js:0
[      79ms] [ERROR] Failed to load resource: the server responded with a status of 500 (Internal Server Error) @ http://localhost:3000/_next/static/chunks/0h6b0.6b5qjyk.js:0
[      79ms] [ERROR] Failed to load resource: the server responded with a status of 500 (Internal Server Error) @ http://localhost:3000/_next/static/chunks/0m16-8gjxq~a6.js:0
[    3656ms] [WARNING] The resource http://localhost:3000/_next/static/media/83afe278b6a6bb3c-s.p.0q-301v4kxxnr.woff2 was preloaded using link preload but not used within a few seconds from the window's load event. Please make sure it has an appropriate `as` value and it is preloaded intentionally. @ http://localhost:3000/:0
[   36750ms] [INFO] %cDownload the React DevTools for a better development experience: https://react.dev/link/react-devtools font-weight:bold @ http://localhost:3000/_next/static/chunks/08.h_next_dist_0ggglf.._.js:2477
[   36760ms] [LOG] [HMR] connected @ http://localhost:3000/_next/static/chunks/08.h_next_dist_0ggglf.._.js:2477
[   36880ms] [ERROR] Failed to fetch applications: TypeError: Cannot read properties of null (reading 'from')
    at fetchApplications (http://localhost:3000/_next/static/chunks/spontus_src_0yx5wbe._.js:1547:196)
    at ApplicationsProvider.useEffect (http://localhost:3000/_next/static/chunks/spontus_src_0yx5wbe._.js:1559:13)
    at Object.react_stack_bottom_frame (http://localhost:3000/_next/static/chunks/08.h_next_dist_compiled_react-dom_007fiar._.js:15087:22)
    at runWithFiberInDEV (http://localhost:3000/_next/static/chunks/08.h_next_dist_compiled_react-dom_007fiar._.js:965:74)
    at commitHookEffectListMount (http://localhost:3000/_next/static/chunks/08.h_next_dist_compiled_react-dom_007fiar._.js:7255:167)
    at commitHookPassiveMountEffects (http://localhost:3000/_next/static/chunks/08.h_next_dist_compiled_react-dom_007fiar._.js:7290:60)
    at commitPassiveMountOnFiber (http://localhost:3000/_next/static/chunks/08.h_next_dist_compiled_react-dom_007fiar._.js:8689:33)
    at recursivelyTraversePassiveMountEffects (http://localhost:3000/_next/static/chunks/08.h_next_dist_compiled_react-dom_007fiar._.js:8676:316)
    at commitPassiveMountOnFiber (http://localhost:3000/_next/static/chunks/08.h_next_dist_compiled_react-dom_007fiar._.js:8750:17)
    at recursivelyTraversePassiveMountEffects (http://localhost:3000/_next/static/chunks/08.h_next_dist_compiled_react-dom_007fiar._.js:8676:316)
    at commitPassiveMountOnFiber (http://localhost:3000/_next/static/chunks/08.h_next_dist_compiled_react-dom_007fiar._.js:8688:17)
    at recursivelyTraversePassiveMountEffects (http://localhost:3000/_next/static/chunks/08.h_next_dist_compiled_react-dom_007fiar._.js:8676:316)
    at commitPassiveMountOnFiber (http://localhost:3000/_next/static/chunks/08.h_next_dist_compiled_react-dom_007fiar._.js:8688:17)
    at recursivelyTraversePassiveMountEffects (http://localhost:3000/_next/static/chunks/08.h_next_dist_compiled_react-dom_007fiar._.js:8676:316)
    at commitPassiveMountOnFiber (http://localhost:3000/_next/static/chunks/08.h_next_dist_compiled_react-dom_007fiar._.js:8750:17)
    at recursivelyTraversePassiveMountEffects (http://localhost:3000/_next/static/chunks/08.h_next_dist_compiled_react-dom_007fiar._.js:8676:316)
    at commitPassiveMountOnFiber (http://localhost:3000/_next/static/chunks/08.h_next_dist_compiled_react-dom_007fiar._.js:8750:17)
    at recursivelyTraversePassiveMountEffects (http://localhost:3000/_next/static/chunks/08.h_next_dist_compiled_react-dom_007fiar._.js:8676:316)
    at commitPassiveMountOnFiber (http://localhost:3000/_next/static/chunks/08.h_next_dist_compiled_react-dom_007fiar._.js:8750:17)
    at recursivelyTraversePassiveMountEffects (http://localhost:3000/_next/static/chunks/08.h_next_dist_compiled_react-dom_007fiar._.js:8676:316)
    at commitPassiveMountOnFiber (http://localhost:3000/_next/static/chunks/08.h_next_dist_compiled_react-dom_007fiar._.js:8688:17)
    at recursivelyTraversePassiveMountEffects (http://localhost:3000/_next/static/chunks/08.h_next_dist_compiled_react-dom_007fiar._.js:8676:316)
    at commitPassiveMountOnFiber (http://localhost:3000/_next/static/chunks/08.h_next_dist_compiled_react-dom_007fiar._.js:8688:17)
    at recursivelyTraversePassiveMountEffects (http://localhost:3000/_next/static/chunks/08.h_next_dist_compiled_react-dom_007fiar._.js:8676:316)
    at commitPassiveMountOnFiber (http://localhost:3000/_next/static/chunks/08.h_next_dist_compiled_react-dom_007fiar._.js:8693:17)
    at recursivelyTraversePassiveMountEffects (http://localhost:3000/_next/static/chunks/08.h_next_dist_compiled_react-dom_007fiar._.js:8676:316)
    at commitPassiveMountOnFiber (http://localhost:3000/_next/static/chunks/08.h_next_dist_compiled_react-dom_007fiar._.js:8688:17)
    at recursivelyTraversePassiveMountEffects (http://localhost:3000/_next/static/chunks/08.h_next_dist_compiled_react-dom_007fiar._.js:8676:316)
    at commitPassiveMountOnFiber (http://localhost:3000/_next/static/chunks/08.h_next_dist_compiled_react-dom_007fiar._.js:8693:17)
    at recursivelyTraversePassiveMountEffects (http://localhost:3000/_next/static/chunks/08.h_next_dist_compiled_react-dom_007fiar._.js:8676:316)
    at commitPassiveMountOnFiber (http://localhost:3000/_next/static/chunks/08.h_next_dist_compiled_react-dom_007fiar._.js:8688:17)
    at recursivelyTraversePassiveMountEffects (http://localhost:3000/_next/static/chunks/08.h_next_dist_compiled_react-dom_007fiar._.js:8676:316)
    at commitPassiveMountOnFiber (http://localhost:3000/_next/static/chunks/08.h_next_dist_compiled_react-dom_007fiar._.js:8688:17)
    at recursivelyTraversePassiveMountEffects (http://localhost:3000/_next/static/chunks/08.h_next_dist_compiled_react-dom_007fiar._.js:8676:316)
    at commitPassiveMountOnFiber (http://localhost:3000/_next/static/chunks/08.h_next_dist_compiled_react-dom_007fiar._.js:8693:17)
    at recursivelyTraversePassiveMountEffects (http://localhost:3000/_next/static/chunks/08.h_next_dist_compiled_react-dom_007fiar._.js:8676:316)
    at commitPassiveMountOnFiber (http://localhost:3000/_next/static/chunks/08.h_next_dist_compiled_react-dom_007fiar._.js:8688:17)
    at recursivelyTraversePassiveMountEffects (http://localhost:3000/_next/static/chunks/08.h_next_dist_compiled_react-dom_007fiar._.js:8676:316)
    at commitPassiveMountOnFiber (http://localhost:3000/_next/static/chunks/08.h_next_dist_compiled_react-dom_007fiar._.js:8750:17)
    at recursivelyTraversePassiveMountEffects (http://localhost:3000/_next/static/chunks/08.h_next_dist_compiled_react-dom_007fiar._.js:8676:316)
    at commitPassiveMountOnFiber (http://localhost:3000/_next/static/chunks/08.h_next_dist_compiled_react-dom_007fiar._.js:8750:17)
    at recursivelyTraversePassiveMountEffects (http://localhost:3000/_next/static/chunks/08.h_next_dist_compiled_react-dom_007fiar._.js:8676:316)
    at commitPassiveMountOnFiber (http://localhost:3000/_next/static/chunks/08.h_next_dist_compiled_react-dom_007fiar._.js:8750:17)
    at recursivelyTraversePassiveMountEffects (http://localhost:3000/_next/static/chunks/08.h_next_dist_compiled_react-dom_007fiar._.js:8676:316)
    at commitPassiveMountOnFiber (http://localhost:3000/_next/static/chunks/08.h_next_dist_compiled_react-dom_007fiar._.js:8750:17)
    at recursivelyTraversePassiveMountEffects (http://localhost:3000/_next/static/chunks/08.h_next_dist_compiled_react-dom_007fiar._.js:8676:316)
    at commitPassiveMountOnFiber (http://localhost:3000/_next/static/chunks/08.h_next_dist_compiled_react-dom_007fiar._.js:8750:17)
    at recursivelyTraversePassiveMountEffects (http://localhost:3000/_next/static/chunks/08.h_next_dist_compiled_react-dom_007fiar._.js:8676:316)
    at commitPassiveMountOnFiber (http://localhost:3000/_next/static/chunks/08.h_next_dist_compiled_react-dom_007fiar._.js:8750:17)
    at recursivelyTraversePassiveMountEffects (http://localhost:3000/_next/static/chunks/08.h_next_dist_compiled_react-dom_007fiar._.js:8676:316) @ http://localhost:3000/_next/static/chunks/08.h_next_dist_0ggglf.._.js:3318
[   37407ms] [INFO] %cDownload the React DevTools for a better development experience: https://react.dev/link/react-devtools font-weight:bold @ http://localhost:3000/_next/static/chunks/08.h_next_dist_0ggglf.._.js:2477
[   37418ms] [LOG] [HMR] connected @ http://localhost:3000/_next/static/chunks/08.h_next_dist_0ggglf.._.js:2477
[   37461ms] [ERROR] Failed to fetch applications: TypeError: Cannot read properties of null (reading 'from')
    at fetchApplications (http://localhost:3000/_next/static/chunks/spontus_src_0yx5wbe._.js:1547:196)
    at ApplicationsProvider.useEffect (http://localhost:3000/_next/static/chunks/spontus_src_0yx5wbe._.js:1559:13)
    at Object.react_stack_bottom_frame (http://localhost:3000/_next/static/chunks/08.h_next_dist_compiled_react-dom_007fiar._.js:15087:22)
    at runWithFiberInDEV (http://localhost:3000/_next/static/chunks/08.h_next_dist_compiled_react-dom_007fiar._.js:965:74)
    at commitHookEffectListMount (http://localhost:3000/_next/static/chunks/08.h_next_dist_compiled_react-dom_007fiar._.js:7255:167)
    at commitHookPassiveMountEffects (http://localhost:3000/_next/static/chunks/08.h_next_dist_compiled_react-dom_007fiar._.js:7290:60)
    at commitPassiveMountOnFiber (http://localhost:3000/_next/static/chunks/08.h_next_dist_compiled_react-dom_007fiar._.js:8689:33)
    at recursivelyTraversePassiveMountEffects (http://localhost:3000/_next/static/chunks/08.h_next_dist_compiled_react-dom_007fiar._.js:8676:316)
    at commitPassiveMountOnFiber (http://localhost:3000/_next/static/chunks/08.h_next_dist_compiled_react-dom_007fiar._.js:8750:17)
    at recursivelyTraversePassiveMountEffects (http://localhost:3000/_next/static/chunks/08.h_next_dist_compiled_react-dom_007fiar._.js:8676:316)
    at commitPassiveMountOnFiber (http://localhost:3000/_next/static/chunks/08.h_next_dist_compiled_react-dom_007fiar._.js:8688:17)
    at recursivelyTraversePassiveMountEffects (http://localhost:3000/_next/static/chunks/08.h_next_dist_compiled_react-dom_007fiar._.js:8676:316)
    at commitPassiveMountOnFiber (http://localhost:3000/_next/static/chunks/08.h_next_dist_compiled_react-dom_007fiar._.js:8688:17)
    at recursivelyTraversePassiveMountEffects (http://localhost:3000/_next/static/chunks/08.h_next_dist_compiled_react-dom_007fiar._.js:8676:316)
    at commitPassiveMountOnFiber (http://localhost:3000/_next/static/chunks/08.h_next_dist_compiled_react-dom_007fiar._.js:8750:17)
    at recursivelyTraversePassiveMountEffects (http://localhost:3000/_next/static/chunks/08.h_next_dist_compiled_react-dom_007fiar._.js:8676:316)
    at commitPassiveMountOnFiber (http://localhost:3000/_next/static/chunks/08.h_next_dist_compiled_react-dom_007fiar._.js:8750:17)
    at recursivelyTraversePassiveMountEffects (http://localhost:3000/_next/static/chunks/08.h_next_dist_compiled_react-dom_007fiar._.js:8676:316)
    at commitPassiveMountOnFiber (http://localhost:3000/_next/static/chunks/08.h_next_dist_compiled_react-dom_007fiar._.js:8750:17)
    at recursivelyTraversePassiveMountEffects (http://localhost:3000/_next/static/chunks/08.h_next_dist_compiled_react-dom_007fiar._.js:8676:316)
    at commitPassiveMountOnFiber (http://localhost:3000/_next/static/chunks/08.h_next_dist_compiled_react-dom_007fiar._.js:8688:17)
    at recursivelyTraversePassiveMountEffects (http://localhost:3000/_next/static/chunks/08.h_next_dist_compiled_react-dom_007fiar._.js:8676:316)
    at commitPassiveMountOnFiber (http://localhost:3000/_next/static/chunks/08.h_next_dist_compiled_react-dom_007fiar._.js:8688:17)
    at recursivelyTraversePassiveMountEffects (http://localhost:3000/_next/static/chunks/08.h_next_dist_compiled_react-dom_007fiar._.js:8676:316)
    at commitPassiveMountOnFiber (http://localhost:3000/_next/static/chunks/08.h_next_dist_compiled_react-dom_007fiar._.js:8693:17)
    at recursivelyTraversePassiveMountEffects (http://localhost:3000/_next/static/chunks/08.h_next_dist_compiled_react-dom_007fiar._.js:8676:316)
    at commitPassiveMountOnFiber (http://localhost:3000/_next/static/chunks/08.h_next_dist_compiled_react-dom_007fiar._.js:8688:17)
    at recursivelyTraversePassiveMountEffects (http://localhost:3000/_next/static/chunks/08.h_next_dist_compiled_react-dom_007fiar._.js:8676:316)
    at commitPassiveMountOnFiber (http://localhost:3000/_next/static/chunks/08.h_next_dist_compiled_react-dom_007fiar._.js:8693:17)
    at recursivelyTraversePassiveMountEffects (http://localhost:3000/_next/static/chunks/08.h_next_dist_compiled_react-dom_007fiar._.js:8676:316)
    at commitPassiveMountOnFiber (http://localhost:3000/_next/static/chunks/08.h_next_dist_compiled_react-dom_007fiar._.js:8688:17)
    at recursivelyTraversePassiveMountEffects (http://localhost:3000/_next/static/chunks/08.h_next_dist_compiled_react-dom_007fiar._.js:8676:316)
    at commitPassiveMountOnFiber (http://localhost:3000/_next/static/chunks/08.h_next_dist_compiled_react-dom_007fiar._.js:8688:17)
    at recursivelyTraversePassiveMountEffects (http://localhost:3000/_next/static/chunks/08.h_next_dist_compiled_react-dom_007fiar._.js:8676:316)
    at commitPassiveMountOnFiber (http://localhost:3000/_next/static/chunks/08.h_next_dist_compiled_react-dom_007fiar._.js:8693:17)
    at recursivelyTraversePassiveMountEffects (http://localhost:3000/_next/static/chunks/08.h_next_dist_compiled_react-dom_007fiar._.js:8676:316)
    at commitPassiveMountOnFiber (http://localhost:3000/_next/static/chunks/08.h_next_dist_compiled_react-dom_007fiar._.js:8688:17)
    at recursivelyTraversePassiveMountEffects (http://localhost:3000/_next/static/chunks/08.h_next_dist_compiled_react-dom_007fiar._.js:8676:316)
    at commitPassiveMountOnFiber (http://localhost:3000/_next/static/chunks/08.h_next_dist_compiled_react-dom_007fiar._.js:8750:17)
    at recursivelyTraversePassiveMountEffects (http://localhost:3000/_next/static/chunks/08.h_next_dist_compiled_react-dom_007fiar._.js:8676:316)
    at commitPassiveMountOnFiber (http://localhost:3000/_next/static/chunks/08.h_next_dist_compiled_react-dom_007fiar._.js:8750:17)
    at recursivelyTraversePassiveMountEffects (http://localhost:3000/_next/static/chunks/08.h_next_dist_compiled_react-dom_007fiar._.js:8676:316)
    at commitPassiveMountOnFiber (http://localhost:3000/_next/static/chunks/08.h_next_dist_compiled_react-dom_007fiar._.js:8750:17)
    at recursivelyTraversePassiveMountEffects (http://localhost:3000/_next/static/chunks/08.h_next_dist_compiled_react-dom_007fiar._.js:8676:316)
    at commitPassiveMountOnFiber (http://localhost:3000/_next/static/chunks/08.h_next_dist_compiled_react-dom_007fiar._.js:8750:17)
    at recursivelyTraversePassiveMountEffects (http://localhost:3000/_next/static/chunks/08.h_next_dist_compiled_react-dom_007fiar._.js:8676:316)
    at commitPassiveMountOnFiber (http://localhost:3000/_next/static/chunks/08.h_next_dist_compiled_react-dom_007fiar._.js:8750:17)
    at recursivelyTraversePassiveMountEffects (http://localhost:3000/_next/static/chunks/08.h_next_dist_compiled_react-dom_007fiar._.js:8676:316)
    at commitPassiveMountOnFiber (http://localhost:3000/_next/static/chunks/08.h_next_dist_compiled_react-dom_007fiar._.js:8750:17)
    at recursivelyTraversePassiveMountEffects (http://localhost:3000/_next/static/chunks/08.h_next_dist_compiled_react-dom_007fiar._.js:8676:316) @ http://localhost:3000/_next/static/chunks/08.h_next_dist_0ggglf.._.js:3318
[   38049ms] [INFO] %cDownload the React DevTools for a better development experience: https://react.dev/link/react-devtools font-weight:bold @ http://localhost:3000/_next/static/chunks/08.h_next_dist_0ggglf.._.js:2477
[   38059ms] [LOG] [HMR] connected @ http://localhost:3000/_next/static/chunks/08.h_next_dist_0ggglf.._.js:2477
[   38097ms] [ERROR] Failed to fetch applications: TypeError: Cannot read properties of null (reading 'from')
    at fetchApplications (http://localhost:3000/_next/static/chunks/spontus_src_0yx5wbe._.js:1547:196)
    at ApplicationsProvider.useEffect (http://localhost:3000/_next/static/chunks/spontus_src_0yx5wbe._.js:1559:13)
    at Object.react_stack_bottom_frame (http://localhost:3000/_next/static/chunks/08.h_next_dist_compiled_react-dom_007fiar._.js:15087:22)
    at runWithFiberInDEV (http://localhost:3000/_next/static/chunks/08.h_next_dist_compiled_react-dom_007fiar._.js:965:74)
    at commitHookEffectListMount (http://localhost:3000/_next/static/chunks/08.h_next_dist_compiled_react-dom_007fiar._.js:7255:167)
    at commitHookPassiveMountEffects (http://localhost:3000/_next/static/chunks/08.h_next_dist_compiled_react-dom_007fiar._.js:7290:60)
    at commitPassiveMountOnFiber (http://localhost:3000/_next/static/chunks/08.h_next_dist_compiled_react-dom_007fiar._.js:8689:33)
    at recursivelyTraversePassiveMountEffects (http://localhost:3000/_next/static/chunks/08.h_next_dist_compiled_react-dom_007fiar._.js:8676:316)
    at commitPassiveMountOnFiber (http://localhost:3000/_next/static/chunks/08.h_next_dist_compiled_react-dom_007fiar._.js:8750:17)
    at recursivelyTraversePassiveMountEffects (http://localhost:3000/_next/static/chunks/08.h_next_dist_compiled_react-dom_007fiar._.js:8676:316)
    at commitPassiveMountOnFiber (http://localhost:3000/_next/static/chunks/08.h_next_dist_compiled_react-dom_007fiar._.js:8688:17)
    at recursivelyTraversePassiveMountEffects (http://localhost:3000/_next/static/chunks/08.h_next_dist_compiled_react-dom_007fiar._.js:8676:316)
    at commitPassiveMountOnFiber (http://localhost:3000/_next/static/chunks/08.h_next_dist_compiled_react-dom_007fiar._.js:8688:17)
    at recursivelyTraversePassiveMountEffects (http://localhost:3000/_next/static/chunks/08.h_next_dist_compiled_react-dom_007fiar._.js:8676:316)
    at commitPassiveMountOnFiber (http://localhost:3000/_next/static/chunks/08.h_next_dist_compiled_react-dom_007fiar._.js:8750:17)
    at recursivelyTraversePassiveMountEffects (http://localhost:3000/_next/static/chunks/08.h_next_dist_compiled_react-dom_007fiar._.js:8676:316)
    at commitPassiveMountOnFiber (http://localhost:3000/_next/static/chunks/08.h_next_dist_compiled_react-dom_007fiar._.js:8750:17)
    at recursivelyTraversePassiveMountEffects (http://localhost:3000/_next/static/chunks/08.h_next_dist_compiled_react-dom_007fiar._.js:8676:316)
    at commitPassiveMountOnFiber (http://localhost:3000/_next/static/chunks/08.h_next_dist_compiled_react-dom_007fiar._.js:8750:17)
    at recursivelyTraversePassiveMountEffects (http://localhost:3000/_next/static/chunks/08.h_next_dist_compiled_react-dom_007fiar._.js:8676:316)
    at commitPassiveMountOnFiber (http://localhost:3000/_next/static/chunks/08.h_next_dist_compiled_react-dom_007fiar._.js:8688:17)
    at recursivelyTraversePassiveMountEffects (http://localhost:3000/_next/static/chunks/08.h_next_dist_compiled_react-dom_007fiar._.js:8676:316)
    at commitPassiveMountOnFiber (http://localhost:3000/_next/static/chunks/08.h_next_dist_compiled_react-dom_007fiar._.js:8688:17)
    at recursivelyTraversePassiveMountEffects (http://localhost:3000/_next/static/chunks/08.h_next_dist_compiled_react-dom_007fiar._.js:8676:316)
    at commitPassiveMountOnFiber (http://localhost:3000/_next/static/chunks/08.h_next_dist_compiled_react-dom_007fiar._.js:8693:17)
    at recursivelyTraversePassiveMountEffects (http://localhost:3000/_next/static/chunks/08.h_next_dist_compiled_react-dom_007fiar._.js:8676:316)
    at commitPassiveMountOnFiber (http://localhost:3000/_next/static/chunks/08.h_next_dist_compiled_react-dom_007fiar._.js:8688:17)
    at recursivelyTraversePassiveMountEffects (http://localhost:3000/_next/static/chunks/08.h_next_dist_compiled_react-dom_007fiar._.js:8676:316)
    at commitPassiveMountOnFiber (http://localhost:3000/_next/static/chunks/08.h_next_dist_compiled_react-dom_007fiar._.js:8693:17)
    at recursivelyTraversePassiveMountEffects (http://localhost:3000/_next/static/chunks/08.h_next_dist_compiled_react-dom_007fiar._.js:8676:316)
    at commitPassiveMountOnFiber (http://localhost:3000/_next/static/chunks/08.h_next_dist_compiled_react-dom_007fiar._.js:8688:17)
    at recursivelyTraversePassiveMountEffects (http://localhost:3000/_next/static/chunks/08.h_next_dist_compiled_react-dom_007fiar._.js:8676:316)
    at commitPassiveMountOnFiber (http://localhost:3000/_next/static/chunks/08.h_next_dist_compiled_react-dom_007fiar._.js:8688:17)
    at recursivelyTraversePassiveMountEffects (http://localhost:3000/_next/static/chunks/08.h_next_dist_compiled_react-dom_007fiar._.js:8676:316)
    at commitPassiveMountOnFiber (http://localhost:3000/_next/static/chunks/08.h_next_dist_compiled_react-dom_007fiar._.js:8693:17)
    at recursivelyTraversePassiveMountEffects (http://localhost:3000/_next/static/chunks/08.h_next_dist_compiled_react-dom_007fiar._.js:8676:316)
    at commitPassiveMountOnFiber (http://localhost:3000/_next/static/chunks/08.h_next_dist_compiled_react-dom_007fiar._.js:8688:17)
    at recursivelyTraversePassiveMountEffects (http://localhost:3000/_next/static/chunks/08.h_next_dist_compiled_react-dom_007fiar._.js:8676:316)
    at commitPassiveMountOnFiber (http://localhost:3000/_next/static/chunks/08.h_next_dist_compiled_react-dom_007fiar._.js:8750:17)
    at recursivelyTraversePassiveMountEffects (http://localhost:3000/_next/static/chunks/08.h_next_dist_compiled_react-dom_007fiar._.js:8676:316)
    at commitPassiveMountOnFiber (http://localhost:3000/_next/static/chunks/08.h_next_dist_compiled_react-dom_007fiar._.js:8750:17)
    at recursivelyTraversePassiveMountEffects (http://localhost:3000/_next/static/chunks/08.h_next_dist_compiled_react-dom_007fiar._.js:8676:316)
    at commitPassiveMountOnFiber (http://localhost:3000/_next/static/chunks/08.h_next_dist_compiled_react-dom_007fiar._.js:8750:17)
    at recursivelyTraversePassiveMountEffects (http://localhost:3000/_next/static/chunks/08.h_next_dist_compiled_react-dom_007fiar._.js:8676:316)
    at commitPassiveMountOnFiber (http://localhost:3000/_next/static/chunks/08.h_next_dist_compiled_react-dom_007fiar._.js:8750:17)
    at recursivelyTraversePassiveMountEffects (http://localhost:3000/_next/static/chunks/08.h_next_dist_compiled_react-dom_007fiar._.js:8676:316)
    at commitPassiveMountOnFiber (http://localhost:3000/_next/static/chunks/08.h_next_dist_compiled_react-dom_007fiar._.js:8750:17)
    at recursivelyTraversePassiveMountEffects (http://localhost:3000/_next/static/chunks/08.h_next_dist_compiled_react-dom_007fiar._.js:8676:316)
    at commitPassiveMountOnFiber (http://localhost:3000/_next/static/chunks/08.h_next_dist_compiled_react-dom_007fiar._.js:8750:17)
    at recursivelyTraversePassiveMountEffects (http://localhost:3000/_next/static/chunks/08.h_next_dist_compiled_react-dom_007fiar._.js:8676:316) @ http://localhost:3000/_next/static/chunks/08.h_next_dist_0ggglf.._.js:3318
[   39094ms] [INFO] %cDownload the React DevTools for a better development experience: https://react.dev/link/react-devtools font-weight:bold @ http://localhost:3000/_next/static/chunks/08.h_next_dist_0ggglf.._.js:2477
[   39107ms] [LOG] [HMR] connected @ http://localhost:3000/_next/static/chunks/08.h_next_dist_0ggglf.._.js:2477
[   39145ms] [ERROR] Failed to fetch applications: TypeError: Cannot read properties of null (reading 'from')
    at fetchApplications (http://localhost:3000/_next/static/chunks/spontus_src_0yx5wbe._.js:1547:196)
    at ApplicationsProvider.useEffect (http://localhost:3000/_next/static/chunks/spontus_src_0yx5wbe._.js:1559:13)
    at Object.react_stack_bottom_frame (http://localhost:3000/_next/static/chunks/08.h_next_dist_compiled_react-dom_007fiar._.js:15087:22)
    at runWithFiberInDEV (http://localhost:3000/_next/static/chunks/08.h_next_dist_compiled_react-dom_007fiar._.js:965:74)
    at commitHookEffectListMount (http://localhost:3000/_next/static/chunks/08.h_next_dist_compiled_react-dom_007fiar._.js:7255:167)
    at commitHookPassiveMountEffects (http://localhost:3000/_next/static/chunks/08.h_next_dist_compiled_react-dom_007fiar._.js:7290:60)
    at commitPassiveMountOnFiber (http://localhost:3000/_next/static/chunks/08.h_next_dist_compiled_react-dom_007fiar._.js:8689:33)
    at recursivelyTraversePassiveMountEffects (http://localhost:3000/_next/static/chunks/08.h_next_dist_compiled_react-dom_007fiar._.js:8676:316)
    at commitPassiveMountOnFiber (http://localhost:3000/_next/static/chunks/08.h_next_dist_compiled_react-dom_007fiar._.js:8750:17)
    at recursivelyTraversePassiveMountEffects (http://localhost:3000/_next/static/chunks/08.h_next_dist_compiled_react-dom_007fiar._.js:8676:316)
    at commitPassiveMountOnFiber (http://localhost:3000/_next/static/chunks/08.h_next_dist_compiled_react-dom_007fiar._.js:8688:17)
    at recursivelyTraversePassiveMountEffects (http://localhost:3000/_next/static/chunks/08.h_next_dist_compiled_react-dom_007fiar._.js:8676:316)
    at commitPassiveMountOnFiber (http://localhost:3000/_next/static/chunks/08.h_next_dist_compiled_react-dom_007fiar._.js:8688:17)
    at recursivelyTraversePassiveMountEffects (http://localhost:3000/_next/static/chunks/08.h_next_dist_compiled_react-dom_007fiar._.js:8676:316)
    at commitPassiveMountOnFiber (http://localhost:3000/_next/static/chunks/08.h_next_dist_compiled_react-dom_007fiar._.js:8750:17)
    at recursivelyTraversePassiveMountEffects (http://localhost:3000/_next/static/chunks/08.h_next_dist_compiled_react-dom_007fiar._.js:8676:316)
    at commitPassiveMountOnFiber (http://localhost:3000/_next/static/chunks/08.h_next_dist_compiled_react-dom_007fiar._.js:8750:17)
    at recursivelyTraversePassiveMountEffects (http://localhost:3000/_next/static/chunks/08.h_next_dist_compiled_react-dom_007fiar._.js:8676:316)
    at commitPassiveMountOnFiber (http://localhost:3000/_next/static/chunks/08.h_next_dist_compiled_react-dom_007fiar._.js:8750:17)
    at recursivelyTraversePassiveMountEffects (http://localhost:3000/_next/static/chunks/08.h_next_dist_compiled_react-dom_007fiar._.js:8676:316)
    at commitPassiveMountOnFiber (http://localhost:3000/_next/static/chunks/08.h_next_dist_compiled_react-dom_007fiar._.js:8688:17)
    at recursivelyTraversePassiveMountEffects (http://localhost:3000/_next/static/chunks/08.h_next_dist_compiled_react-dom_007fiar._.js:8676:316)
    at commitPassiveMountOnFiber (http://localhost:3000/_next/static/chunks/08.h_next_dist_compiled_react-dom_007fiar._.js:8688:17)
    at recursivelyTraversePassiveMountEffects (http://localhost:3000/_next/static/chunks/08.h_next_dist_compiled_react-dom_007fiar._.js:8676:316)
    at commitPassiveMountOnFiber (http://localhost:3000/_next/static/chunks/08.h_next_dist_compiled_react-dom_007fiar._.js:8693:17)
    at recursivelyTraversePassiveMountEffects (http://localhost:3000/_next/static/chunks/08.h_next_dist_compiled_react-dom_007fiar._.js:8676:316)
    at commitPassiveMountOnFiber (http://localhost:3000/_next/static/chunks/08.h_next_dist_compiled_react-dom_007fiar._.js:8688:17)
    at recursivelyTraversePassiveMountEffects (http://localhost:3000/_next/static/chunks/08.h_next_dist_compiled_react-dom_007fiar._.js:8676:316)
    at commitPassiveMountOnFiber (http://localhost:3000/_next/static/chunks/08.h_next_dist_compiled_react-dom_007fiar._.js:8693:17)
    at recursivelyTraversePassiveMountEffects (http://localhost:3000/_next/static/chunks/08.h_next_dist_compiled_react-dom_007fiar._.js:8676:316)
    at commitPassiveMountOnFiber (http://localhost:3000/_next/static/chunks/08.h_next_dist_compiled_react-dom_007fiar._.js:8688:17)
    at recursivelyTraversePassiveMountEffects (http://localhost:3000/_next/static/chunks/08.h_next_dist_compiled_react-dom_007fiar._.js:8676:316)
    at commitPassiveMountOnFiber (http://localhost:3000/_next/static/chunks/08.h_next_dist_compiled_react-dom_007fiar._.js:8688:17)
    at recursivelyTraversePassiveMountEffects (http://localhost:3000/_next/static/chunks/08.h_next_dist_compiled_react-dom_007fiar._.js:8676:316)
    at commitPassiveMountOnFiber (http://localhost:3000/_next/static/chunks/08.h_next_dist_compiled_react-dom_007fiar._.js:8693:17)
    at recursivelyTraversePassiveMountEffects (http://localhost:3000/_next/static/chunks/08.h_next_dist_compiled_react-dom_007fiar._.js:8676:316)
    at commitPassiveMountOnFiber (http://localhost:3000/_next/static/chunks/08.h_next_dist_compiled_react-dom_007fiar._.js:8688:17)
    at recursivelyTraversePassiveMountEffects (http://localhost:3000/_next/static/chunks/08.h_next_dist_compiled_react-dom_007fiar._.js:8676:316)
    at commitPassiveMountOnFiber (http://localhost:3000/_next/static/chunks/08.h_next_dist_compiled_react-dom_007fiar._.js:8750:17)
    at recursivelyTraversePassiveMountEffects (http://localhost:3000/_next/static/chunks/08.h_next_dist_compiled_react-dom_007fiar._.js:8676:316)
    at commitPassiveMountOnFiber (http://localhost:3000/_next/static/chunks/08.h_next_dist_compiled_react-dom_007fiar._.js:8750:17)
    at recursivelyTraversePassiveMountEffects (http://localhost:3000/_next/static/chunks/08.h_next_dist_compiled_react-dom_007fiar._.js:8676:316)
    at commitPassiveMountOnFiber (http://localhost:3000/_next/static/chunks/08.h_next_dist_compiled_react-dom_007fiar._.js:8750:17)
    at recursivelyTraversePassiveMountEffects (http://localhost:3000/_next/static/chunks/08.h_next_dist_compiled_react-dom_007fiar._.js:8676:316)
    at commitPassiveMountOnFiber (http://localhost:3000/_next/static/chunks/08.h_next_dist_compiled_react-dom_007fiar._.js:8750:17)
    at recursivelyTraversePassiveMountEffects (http://localhost:3000/_next/static/chunks/08.h_next_dist_compiled_react-dom_007fiar._.js:8676:316)
    at commitPassiveMountOnFiber (http://localhost:3000/_next/static/chunks/08.h_next_dist_compiled_react-dom_007fiar._.js:8750:17)
    at recursivelyTraversePassiveMountEffects (http://localhost:3000/_next/static/chunks/08.h_next_dist_compiled_react-dom_007fiar._.js:8676:316)
    at commitPassiveMountOnFiber (http://localhost:3000/_next/static/chunks/08.h_next_dist_compiled_react-dom_007fiar._.js:8750:17)
    at recursivelyTraversePassiveMountEffects (http://localhost:3000/_next/static/chunks/08.h_next_dist_compiled_react-dom_007fiar._.js:8676:316) @ http://localhost:3000/_next/static/chunks/08.h_next_dist_0ggglf.._.js:3318
[   39347ms] [WARNING] Image with src "https://images.unsplash.com/photo-1530549387789-4c1017266635?auto=format&fit=crop&w=1200&q=70" was detected as the Largest Contentful Paint (LCP). Please add the `loading="eager"` property if this image is above the fold.
Read more: https://nextjs.org/docs/app/api-reference/components/image#loading @ http://localhost:3000/_next/static/chunks/08.h_next_dist_0ggglf.._.js:2477
[   39761ms] [INFO] %cDownload the React DevTools for a better development experience: https://react.dev/link/react-devtools font-weight:bold @ http://localhost:3000/_next/static/chunks/08.h_next_dist_0ggglf.._.js:2477
[   39769ms] [LOG] [HMR] connected @ http://localhost:3000/_next/static/chunks/08.h_next_dist_0ggglf.._.js:2477
[   39791ms] [ERROR] Failed to fetch applications: TypeError: Cannot read properties of null (reading 'from')
    at fetchApplications (http://localhost:3000/_next/static/chunks/spontus_src_0yx5wbe._.js:1547:196)
    at ApplicationsProvider.useEffect (http://localhost:3000/_next/static/chunks/spontus_src_0yx5wbe._.js:1559:13)
    at Object.react_stack_bottom_frame (http://localhost:3000/_next/static/chunks/08.h_next_dist_compiled_react-dom_007fiar._.js:15087:22)
    at runWithFiberInDEV (http://localhost:3000/_next/static/chunks/08.h_next_dist_compiled_react-dom_007fiar._.js:965:74)
    at commitHookEffectListMount (http://localhost:3000/_next/static/chunks/08.h_next_dist_compiled_react-dom_007fiar._.js:7255:167)
    at commitHookPassiveMountEffects (http://localhost:3000/_next/static/chunks/08.h_next_dist_compiled_react-dom_007fiar._.js:7290:60)
    at commitPassiveMountOnFiber (http://localhost:3000/_next/static/chunks/08.h_next_dist_compiled_react-dom_007fiar._.js:8689:33)
    at recursivelyTraversePassiveMountEffects (http://localhost:3000/_next/static/chunks/08.h_next_dist_compiled_react-dom_007fiar._.js:8676:316)
    at commitPassiveMountOnFiber (http://localhost:3000/_next/static/chunks/08.h_next_dist_compiled_react-dom_007fiar._.js:8750:17)
    at recursivelyTraversePassiveMountEffects (http://localhost:3000/_next/static/chunks/08.h_next_dist_compiled_react-dom_007fiar._.js:8676:316)
    at commitPassiveMountOnFiber (http://localhost:3000/_next/static/chunks/08.h_next_dist_compiled_react-dom_007fiar._.js:8688:17)
    at recursivelyTraversePassiveMountEffects (http://localhost:3000/_next/static/chunks/08.h_next_dist_compiled_react-dom_007fiar._.js:8676:316)
    at commitPassiveMountOnFiber (http://localhost:3000/_next/static/chunks/08.h_next_dist_compiled_react-dom_007fiar._.js:8688:17)
    at recursivelyTraversePassiveMountEffects (http://localhost:3000/_next/static/chunks/08.h_next_dist_compiled_react-dom_007fiar._.js:8676:316)
    at commitPassiveMountOnFiber (http://localhost:3000/_next/static/chunks/08.h_next_dist_compiled_react-dom_007fiar._.js:8750:17)
    at recursivelyTraversePassiveMountEffects (http://localhost:3000/_next/static/chunks/08.h_next_dist_compiled_react-dom_007fiar._.js:8676:316)
    at commitPassiveMountOnFiber (http://localhost:3000/_next/static/chunks/08.h_next_dist_compiled_react-dom_007fiar._.js:8750:17)
    at recursivelyTraversePassiveMountEffects (http://localhost:3000/_next/static/chunks/08.h_next_dist_compiled_react-dom_007fiar._.js:8676:316)
    at commitPassiveMountOnFiber (http://localhost:3000/_next/static/chunks/08.h_next_dist_compiled_react-dom_007fiar._.js:8750:17)
    at recursivelyTraversePassiveMountEffects (http://localhost:3000/_next/static/chunks/08.h_next_dist_compiled_react-dom_007fiar._.js:8676:316)
    at commitPassiveMountOnFiber (http://localhost:3000/_next/static/chunks/08.h_next_dist_compiled_react-dom_007fiar._.js:8688:17)
    at recursivelyTraversePassiveMountEffects (http://localhost:3000/_next/static/chunks/08.h_next_dist_compiled_react-dom_007fiar._.js:8676:316)
    at commitPassiveMountOnFiber (http://localhost:3000/_next/static/chunks/08.h_next_dist_compiled_react-dom_007fiar._.js:8688:17)
    at recursivelyTraversePassiveMountEffects (http://localhost:3000/_next/static/chunks/08.h_next_dist_compiled_react-dom_007fiar._.js:8676:316)
    at commitPassiveMountOnFiber (http://localhost:3000/_next/static/chunks/08.h_next_dist_compiled_react-dom_007fiar._.js:8693:17)
    at recursivelyTraversePassiveMountEffects (http://localhost:3000/_next/static/chunks/08.h_next_dist_compiled_react-dom_007fiar._.js:8676:316)
    at commitPassiveMountOnFiber (http://localhost:3000/_next/static/chunks/08.h_next_dist_compiled_react-dom_007fiar._.js:8688:17)
    at recursivelyTraversePassiveMountEffects (http://localhost:3000/_next/static/chunks/08.h_next_dist_compiled_react-dom_007fiar._.js:8676:316)
    at commitPassiveMountOnFiber (http://localhost:3000/_next/static/chunks/08.h_next_dist_compiled_react-dom_007fiar._.js:8693:17)
    at recursivelyTraversePassiveMountEffects (http://localhost:3000/_next/static/chunks/08.h_next_dist_compiled_react-dom_007fiar._.js:8676:316)
    at commitPassiveMountOnFiber (http://localhost:3000/_next/static/chunks/08.h_next_dist_compiled_react-dom_007fiar._.js:8688:17)
    at recursivelyTraversePassiveMountEffects (http://localhost:3000/_next/static/chunks/08.h_next_dist_compiled_react-dom_007fiar._.js:8676:316)
    at commitPassiveMountOnFiber (http://localhost:3000/_next/static/chunks/08.h_next_dist_compiled_react-dom_007fiar._.js:8688:17)
    at recursivelyTraversePassiveMountEffects (http://localhost:3000/_next/static/chunks/08.h_next_dist_compiled_react-dom_007fiar._.js:8676:316)
    at commitPassiveMountOnFiber (http://localhost:3000/_next/static/chunks/08.h_next_dist_compiled_react-dom_007fiar._.js:8693:17)
    at recursivelyTraversePassiveMountEffects (http://localhost:3000/_next/static/chunks/08.h_next_dist_compiled_react-dom_007fiar._.js:8676:316)
    at commitPassiveMountOnFiber (http://localhost:3000/_next/static/chunks/08.h_next_dist_compiled_react-dom_007fiar._.js:8688:17)
    at recursivelyTraversePassiveMountEffects (http://localhost:3000/_next/static/chunks/08.h_next_dist_compiled_react-dom_007fiar._.js:8676:316)
    at commitPassiveMountOnFiber (http://localhost:3000/_next/static/chunks/08.h_next_dist_compiled_react-dom_007fiar._.js:8750:17)
    at recursivelyTraversePassiveMountEffects (http://localhost:3000/_next/static/chunks/08.h_next_dist_compiled_react-dom_007fiar._.js:8676:316)
    at commitPassiveMountOnFiber (http://localhost:3000/_next/static/chunks/08.h_next_dist_compiled_react-dom_007fiar._.js:8750:17)
    at recursivelyTraversePassiveMountEffects (http://localhost:3000/_next/static/chunks/08.h_next_dist_compiled_react-dom_007fiar._.js:8676:316)
    at commitPassiveMountOnFiber (http://localhost:3000/_next/static/chunks/08.h_next_dist_compiled_react-dom_007fiar._.js:8750:17)
    at recursivelyTraversePassiveMountEffects (http://localhost:3000/_next/static/chunks/08.h_next_dist_compiled_react-dom_007fiar._.js:8676:316)
    at commitPassiveMountOnFiber (http://localhost:3000/_next/static/chunks/08.h_next_dist_compiled_react-dom_007fiar._.js:8750:17)
    at recursivelyTraversePassiveMountEffects (http://localhost:3000/_next/static/chunks/08.h_next_dist_compiled_react-dom_007fiar._.js:8676:316)
    at commitPassiveMountOnFiber (http://localhost:3000/_next/static/chunks/08.h_next_dist_compiled_react-dom_007fiar._.js:8750:17)
    at recursivelyTraversePassiveMountEffects (http://localhost:3000/_next/static/chunks/08.h_next_dist_compiled_react-dom_007fiar._.js:8676:316)
    at commitPassiveMountOnFiber (http://localhost:3000/_next/static/chunks/08.h_next_dist_compiled_react-dom_007fiar._.js:8750:17)
    at recursivelyTraversePassiveMountEffects (http://localhost:3000/_next/static/chunks/08.h_next_dist_compiled_react-dom_007fiar._.js:8676:316) @ http://localhost:3000/_next/static/chunks/08.h_next_dist_0ggglf.._.js:3318
[   40610ms] [INFO] %cDownload the React DevTools for a better development experience: https://react.dev/link/react-devtools font-weight:bold @ http://localhost:3000/_next/static/chunks/08.h_next_dist_0ggglf.._.js:2477
[   40617ms] [LOG] [HMR] connected @ http://localhost:3000/_next/static/chunks/08.h_next_dist_0ggglf.._.js:2477
[   40644ms] [ERROR] Failed to fetch applications: TypeError: Cannot read properties of null (reading 'from')
    at fetchApplications (http://localhost:3000/_next/static/chunks/spontus_src_0yx5wbe._.js:1547:196)
    at ApplicationsProvider.useEffect (http://localhost:3000/_next/static/chunks/spontus_src_0yx5wbe._.js:1559:13)
    at Object.react_stack_bottom_frame (http://localhost:3000/_next/static/chunks/08.h_next_dist_compiled_react-dom_007fiar._.js:15087:22)
    at runWithFiberInDEV (http://localhost:3000/_next/static/chunks/08.h_next_dist_compiled_react-dom_007fiar._.js:965:74)
    at commitHookEffectListMount (http://localhost:3000/_next/static/chunks/08.h_next_dist_compiled_react-dom_007fiar._.js:7255:167)
    at commitHookPassiveMountEffects (http://localhost:3000/_next/static/chunks/08.h_next_dist_compiled_react-dom_007fiar._.js:7290:60)
    at commitPassiveMountOnFiber (http://localhost:3000/_next/static/chunks/08.h_next_dist_compiled_react-dom_007fiar._.js:8689:33)
    at recursivelyTraversePassiveMountEffects (http://localhost:3000/_next/static/chunks/08.h_next_dist_compiled_react-dom_007fiar._.js:8676:316)
    at commitPassiveMountOnFiber (http://localhost:3000/_next/static/chunks/08.h_next_dist_compiled_react-dom_007fiar._.js:8750:17)
    at recursivelyTraversePassiveMountEffects (http://localhost:3000/_next/static/chunks/08.h_next_dist_compiled_react-dom_007fiar._.js:8676:316)
    at commitPassiveMountOnFiber (http://localhost:3000/_next/static/chunks/08.h_next_dist_compiled_react-dom_007fiar._.js:8688:17)
    at recursivelyTraversePassiveMountEffects (http://localhost:3000/_next/static/chunks/08.h_next_dist_compiled_react-dom_007fiar._.js:8676:316)
    at commitPassiveMountOnFiber (http://localhost:3000/_next/static/chunks/08.h_next_dist_compiled_react-dom_007fiar._.js:8688:17)
    at recursivelyTraversePassiveMountEffects (http://localhost:3000/_next/static/chunks/08.h_next_dist_compiled_react-dom_007fiar._.js:8676:316)
    at commitPassiveMountOnFiber (http://localhost:3000/_next/static/chunks/08.h_next_dist_compiled_react-dom_007fiar._.js:8750:17)
    at recursivelyTraversePassiveMountEffects (http://localhost:3000/_next/static/chunks/08.h_next_dist_compiled_react-dom_007fiar._.js:8676:316)
    at commitPassiveMountOnFiber (http://localhost:3000/_next/static/chunks/08.h_next_dist_compiled_react-dom_007fiar._.js:8750:17)
    at recursivelyTraversePassiveMountEffects (http://localhost:3000/_next/static/chunks/08.h_next_dist_compiled_react-dom_007fiar._.js:8676:316)
    at commitPassiveMountOnFiber (http://localhost:3000/_next/static/chunks/08.h_next_dist_compiled_react-dom_007fiar._.js:8750:17)
    at recursivelyTraversePassiveMountEffects (http://localhost:3000/_next/static/chunks/08.h_next_dist_compiled_react-dom_007fiar._.js:8676:316)
    at commitPassiveMountOnFiber (http://localhost:3000/_next/static/chunks/08.h_next_dist_compiled_react-dom_007fiar._.js:8688:17)
    at recursivelyTraversePassiveMountEffects (http://localhost:3000/_next/static/chunks/08.h_next_dist_compiled_react-dom_007fiar._.js:8676:316)
    at commitPassiveMountOnFiber (http://localhost:3000/_next/static/chunks/08.h_next_dist_compiled_react-dom_007fiar._.js:8688:17)
    at recursivelyTraversePassiveMountEffects (http://localhost:3000/_next/static/chunks/08.h_next_dist_compiled_react-dom_007fiar._.js:8676:316)
    at commitPassiveMountOnFiber (http://localhost:3000/_next/static/chunks/08.h_next_dist_compiled_react-dom_007fiar._.js:8693:17)
    at recursivelyTraversePassiveMountEffects (http://localhost:3000/_next/static/chunks/08.h_next_dist_compiled_react-dom_007fiar._.js:8676:316)
    at commitPassiveMountOnFiber (http://localhost:3000/_next/static/chunks/08.h_next_dist_compiled_react-dom_007fiar._.js:8688:17)
    at recursivelyTraversePassiveMountEffects (http://localhost:3000/_next/static/chunks/08.h_next_dist_compiled_react-dom_007fiar._.js:8676:316)
    at commitPassiveMountOnFiber (http://localhost:3000/_next/static/chunks/08.h_next_dist_compiled_react-dom_007fiar._.js:8693:17)
    at recursivelyTraversePassiveMountEffects (http://localhost:3000/_next/static/chunks/08.h_next_dist_compiled_react-dom_007fiar._.js:8676:316)
    at commitPassiveMountOnFiber (http://localhost:3000/_next/static/chunks/08.h_next_dist_compiled_react-dom_007fiar._.js:8688:17)
    at recursivelyTraversePassiveMountEffects (http://localhost:3000/_next/static/chunks/08.h_next_dist_compiled_react-dom_007fiar._.js:8676:316)
    at commitPassiveMountOnFiber (http://localhost:3000/_next/static/chunks/08.h_next_dist_compiled_react-dom_007fiar._.js:8688:17)
    at recursivelyTraversePassiveMountEffects (http://localhost:3000/_next/static/chunks/08.h_next_dist_compiled_react-dom_007fiar._.js:8676:316)
    at commitPassiveMountOnFiber (http://localhost:3000/_next/static/chunks/08.h_next_dist_compiled_react-dom_007fiar._.js:8693:17)
    at recursivelyTraversePassiveMountEffects (http://localhost:3000/_next/static/chunks/08.h_next_dist_compiled_react-dom_007fiar._.js:8676:316)
    at commitPassiveMountOnFiber (http://localhost:3000/_next/static/chunks/08.h_next_dist_compiled_react-dom_007fiar._.js:8688:17)
    at recursivelyTraversePassiveMountEffects (http://localhost:3000/_next/static/chunks/08.h_next_dist_compiled_react-dom_007fiar._.js:8676:316)
    at commitPassiveMountOnFiber (http://localhost:3000/_next/static/chunks/08.h_next_dist_compiled_react-dom_007fiar._.js:8750:17)
    at recursivelyTraversePassiveMountEffects (http://localhost:3000/_next/static/chunks/08.h_next_dist_compiled_react-dom_007fiar._.js:8676:316)
    at commitPassiveMountOnFiber (http://localhost:3000/_next/static/chunks/08.h_next_dist_compiled_react-dom_007fiar._.js:8750:17)
    at recursivelyTraversePassiveMountEffects (http://localhost:3000/_next/static/chunks/08.h_next_dist_compiled_react-dom_007fiar._.js:8676:316)
    at commitPassiveMountOnFiber (http://localhost:3000/_next/static/chunks/08.h_next_dist_compiled_react-dom_007fiar._.js:8750:17)
    at recursivelyTraversePassiveMountEffects (http://localhost:3000/_next/static/chunks/08.h_next_dist_compiled_react-dom_007fiar._.js:8676:316)
    at commitPassiveMountOnFiber (http://localhost:3000/_next/static/chunks/08.h_next_dist_compiled_react-dom_007fiar._.js:8750:17)
    at recursivelyTraversePassiveMountEffects (http://localhost:3000/_next/static/chunks/08.h_next_dist_compiled_react-dom_007fiar._.js:8676:316)
    at commitPassiveMountOnFiber (http://localhost:3000/_next/static/chunks/08.h_next_dist_compiled_react-dom_007fiar._.js:8750:17)
    at recursivelyTraversePassiveMountEffects (http://localhost:3000/_next/static/chunks/08.h_next_dist_compiled_react-dom_007fiar._.js:8676:316)
    at commitPassiveMountOnFiber (http://localhost:3000/_next/static/chunks/08.h_next_dist_compiled_react-dom_007fiar._.js:8750:17)
    at recursivelyTraversePassiveMountEffects (http://localhost:3000/_next/static/chunks/08.h_next_dist_compiled_react-dom_007fiar._.js:8676:316) @ http://localhost:3000/_next/static/chunks/08.h_next_dist_0ggglf.._.js:3318
[   40736ms] [LOG] [Fast Refresh] rebuilding @ http://localhost:3000/_next/static/chunks/08.h_next_dist_0ggglf.._.js:2477
[   40785ms] [LOG] [Fast Refresh] done in 150ms @ http://localhost:3000/_next/static/chunks/08.h_next_dist_0ggglf.._.js:2477
[   71246ms] [INFO] %cDownload the React DevTools for a better development experience: https://react.dev/link/react-devtools font-weight:bold @ http://localhost:3000/_next/static/chunks/08.h_next_dist_0ggglf.._.js:2477
[   71260ms] [LOG] [HMR] connected @ http://localhost:3000/_next/static/chunks/08.h_next_dist_0ggglf.._.js:2477
[   71275ms] [ERROR] Failed to fetch applications: TypeError: Cannot read properties of null (reading 'from')
    at fetchApplications (http://localhost:3000/_next/static/chunks/spontus_src_0yx5wbe._.js:1547:196)
    at ApplicationsProvider.useEffect (http://localhost:3000/_next/static/chunks/spontus_src_0yx5wbe._.js:1559:13)
    at Object.react_stack_bottom_frame (http://localhost:3000/_next/static/chunks/08.h_next_dist_compiled_react-dom_007fiar._.js:15087:22)
    at runWithFiberInDEV (http://localhost:3000/_next/static/chunks/08.h_next_dist_compiled_react-dom_007fiar._.js:965:74)
    at commitHookEffectListMount (http://localhost:3000/_next/static/chunks/08.h_next_dist_compiled_react-dom_007fiar._.js:7255:167)
    at commitHookPassiveMountEffects (http://localhost:3000/_next/static/chunks/08.h_next_dist_compiled_react-dom_007fiar._.js:7290:60)
    at commitPassiveMountOnFiber (http://localhost:3000/_next/static/chunks/08.h_next_dist_compiled_react-dom_007fiar._.js:8689:33)
    at recursivelyTraversePassiveMountEffects (http://localhost:3000/_next/static/chunks/08.h_next_dist_compiled_react-dom_007fiar._.js:8676:316)
    at commitPassiveMountOnFiber (http://localhost:3000/_next/static/chunks/08.h_next_dist_compiled_react-dom_007fiar._.js:8750:17)
    at recursivelyTraversePassiveMountEffects (http://localhost:3000/_next/static/chunks/08.h_next_dist_compiled_react-dom_007fiar._.js:8676:316)
    at commitPassiveMountOnFiber (http://localhost:3000/_next/static/chunks/08.h_next_dist_compiled_react-dom_007fiar._.js:8688:17)
    at recursivelyTraversePassiveMountEffects (http://localhost:3000/_next/static/chunks/08.h_next_dist_compiled_react-dom_007fiar._.js:8676:316)
    at commitPassiveMountOnFiber (http://localhost:3000/_next/static/chunks/08.h_next_dist_compiled_react-dom_007fiar._.js:8688:17)
    at recursivelyTraversePassiveMountEffects (http://localhost:3000/_next/static/chunks/08.h_next_dist_compiled_react-dom_007fiar._.js:8676:316)
    at commitPassiveMountOnFiber (http://localhost:3000/_next/static/chunks/08.h_next_dist_compiled_react-dom_007fiar._.js:8750:17)
    at recursivelyTraversePassiveMountEffects (http://localhost:3000/_next/static/chunks/08.h_next_dist_compiled_react-dom_007fiar._.js:8676:316)
    at commitPassiveMountOnFiber (http://localhost:3000/_next/static/chunks/08.h_next_dist_compiled_react-dom_007fiar._.js:8750:17)
    at recursivelyTraversePassiveMountEffects (http://localhost:3000/_next/static/chunks/08.h_next_dist_compiled_react-dom_007fiar._.js:8676:316)
    at commitPassiveMountOnFiber (http://localhost:3000/_next/static/chunks/08.h_next_dist_compiled_react-dom_007fiar._.js:8750:17)
    at recursivelyTraversePassiveMountEffects (http://localhost:3000/_next/static/chunks/08.h_next_dist_compiled_react-dom_007fiar._.js:8676:316)
    at commitPassiveMountOnFiber (http://localhost:3000/_next/static/chunks/08.h_next_dist_compiled_react-dom_007fiar._.js:8688:17)
    at recursivelyTraversePassiveMountEffects (http://localhost:3000/_next/static/chunks/08.h_next_dist_compiled_react-dom_007fiar._.js:8676:316)
    at commitPassiveMountOnFiber (http://localhost:3000/_next/static/chunks/08.h_next_dist_compiled_react-dom_007fiar._.js:8688:17)
    at recursivelyTraversePassiveMountEffects (http://localhost:3000/_next/static/chunks/08.h_next_dist_compiled_react-dom_007fiar._.js:8676:316)
    at commitPassiveMountOnFiber (http://localhost:3000/_next/static/chunks/08.h_next_dist_compiled_react-dom_007fiar._.js:8693:17)
    at recursivelyTraversePassiveMountEffects (http://localhost:3000/_next/static/chunks/08.h_next_dist_compiled_react-dom_007fiar._.js:8676:316)
    at commitPassiveMountOnFiber (http://localhost:3000/_next/static/chunks/08.h_next_dist_compiled_react-dom_007fiar._.js:8688:17)
    at recursivelyTraversePassiveMountEffects (http://localhost:3000/_next/static/chunks/08.h_next_dist_compiled_react-dom_007fiar._.js:8676:316)
    at commitPassiveMountOnFiber (http://localhost:3000/_next/static/chunks/08.h_next_dist_compiled_react-dom_007fiar._.js:8693:17)
    at recursivelyTraversePassiveMountEffects (http://localhost:3000/_next/static/chunks/08.h_next_dist_compiled_react-dom_007fiar._.js:8676:316)
    at commitPassiveMountOnFiber (http://localhost:3000/_next/static/chunks/08.h_next_dist_compiled_react-dom_007fiar._.js:8688:17)
    at recursivelyTraversePassiveMountEffects (http://localhost:3000/_next/static/chunks/08.h_next_dist_compiled_react-dom_007fiar._.js:8676:316)
    at commitPassiveMountOnFiber (http://localhost:3000/_next/static/chunks/08.h_next_dist_compiled_react-dom_007fiar._.js:8688:17)
    at recursivelyTraversePassiveMountEffects (http://localhost:3000/_next/static/chunks/08.h_next_dist_compiled_react-dom_007fiar._.js:8676:316)
    at commitPassiveMountOnFiber (http://localhost:3000/_next/static/chunks/08.h_next_dist_compiled_react-dom_007fiar._.js:8693:17)
    at recursivelyTraversePassiveMountEffects (http://localhost:3000/_next/static/chunks/08.h_next_dist_compiled_react-dom_007fiar._.js:8676:316)
    at commitPassiveMountOnFiber (http://localhost:3000/_next/static/chunks/08.h_next_dist_compiled_react-dom_007fiar._.js:8688:17)
    at recursivelyTraversePassiveMountEffects (http://localhost:3000/_next/static/chunks/08.h_next_dist_compiled_react-dom_007fiar._.js:8676:316)
    at commitPassiveMountOnFiber (http://localhost:3000/_next/static/chunks/08.h_next_dist_compiled_react-dom_007fiar._.js:8750:17)
    at recursivelyTraversePassiveMountEffects (http://localhost:3000/_next/static/chunks/08.h_next_dist_compiled_react-dom_007fiar._.js:8676:316)
    at commitPassiveMountOnFiber (http://localhost:3000/_next/static/chunks/08.h_next_dist_compiled_react-dom_007fiar._.js:8750:17)
    at recursivelyTraversePassiveMountEffects (http://localhost:3000/_next/static/chunks/08.h_next_dist_compiled_react-dom_007fiar._.js:8676:316)
    at commitPassiveMountOnFiber (http://localhost:3000/_next/static/chunks/08.h_next_dist_compiled_react-dom_007fiar._.js:8750:17)
    at recursivelyTraversePassiveMountEffects (http://localhost:3000/_next/static/chunks/08.h_next_dist_compiled_react-dom_007fiar._.js:8676:316)
    at commitPassiveMountOnFiber (http://localhost:3000/_next/static/chunks/08.h_next_dist_compiled_react-dom_007fiar._.js:8750:17)
    at recursivelyTraversePassiveMountEffects (http://localhost:3000/_next/static/chunks/08.h_next_dist_compiled_react-dom_007fiar._.js:8676:316)
    at commitPassiveMountOnFiber (http://localhost:3000/_next/static/chunks/08.h_next_dist_compiled_react-dom_007fiar._.js:8750:17)
    at recursivelyTraversePassiveMountEffects (http://localhost:3000/_next/static/chunks/08.h_next_dist_compiled_react-dom_007fiar._.js:8676:316)
    at commitPassiveMountOnFiber (http://localhost:3000/_next/static/chunks/08.h_next_dist_compiled_react-dom_007fiar._.js:8750:17)
    at recursivelyTraversePassiveMountEffects (http://localhost:3000/_next/static/chunks/08.h_next_dist_compiled_react-dom_007fiar._.js:8676:316) @ http://localhost:3000/_next/static/chunks/08.h_next_dist_0ggglf.._.js:3318
[   71276ms] [ERROR] Failed to fetch applications: TypeError: Cannot read properties of null (reading 'from')
    at getApplicationsForTeam (http://localhost:3000/_next/static/chunks/spontus_src_0yx5wbe._.js:1317:180)
    at fetchApplications (http://localhost:3000/_next/static/chunks/spontus_src_0wfol3g._.js:587:197)
    at ApplicationStatusBoard.useEffect (http://localhost:3000/_next/static/chunks/spontus_src_0wfol3g._.js:596:13)
    at Object.react_stack_bottom_frame (http://localhost:3000/_next/static/chunks/08.h_next_dist_compiled_react-dom_007fiar._.js:15087:22)
    at runWithFiberInDEV (http://localhost:3000/_next/static/chunks/08.h_next_dist_compiled_react-dom_007fiar._.js:965:74)
    at commitHookEffectListMount (http://localhost:3000/_next/static/chunks/08.h_next_dist_compiled_react-dom_007fiar._.js:7255:167)
    at commitHookPassiveMountEffects (http://localhost:3000/_next/static/chunks/08.h_next_dist_compiled_react-dom_007fiar._.js:7290:60)
    at commitPassiveMountOnFiber (http://localhost:3000/_next/static/chunks/08.h_next_dist_compiled_react-dom_007fiar._.js:8689:33)
    at recursivelyTraversePassiveMountEffects (http://localhost:3000/_next/static/chunks/08.h_next_dist_compiled_react-dom_007fiar._.js:8676:316)
    at commitPassiveMountOnFiber (http://localhost:3000/_next/static/chunks/08.h_next_dist_compiled_react-dom_007fiar._.js:8750:17)
    at recursivelyTraversePassiveMountEffects (http://localhost:3000/_next/static/chunks/08.h_next_dist_compiled_react-dom_007fiar._.js:8676:316)
    at commitPassiveMountOnFiber (http://localhost:3000/_next/static/chunks/08.h_next_dist_compiled_react-dom_007fiar._.js:8750:17)
    at recursivelyTraversePassiveMountEffects (http://localhost:3000/_next/static/chunks/08.h_next_dist_compiled_react-dom_007fiar._.js:8676:316)
    at commitPassiveMountOnFiber (http://localhost:3000/_next/static/chunks/08.h_next_dist_compiled_react-dom_007fiar._.js:8688:17)
    at recursivelyTraversePassiveMountEffects (http://localhost:3000/_next/static/chunks/08.h_next_dist_compiled_react-dom_007fiar._.js:8676:316)
    at commitPassiveMountOnFiber (http://localhost:3000/_next/static/chunks/08.h_next_dist_compiled_react-dom_007fiar._.js:8688:17)
    at recursivelyTraversePassiveMountEffects (http://localhost:3000/_next/static/chunks/08.h_next_dist_compiled_react-dom_007fiar._.js:8676:316)
    at commitPassiveMountOnFiber (http://localhost:3000/_next/static/chunks/08.h_next_dist_compiled_react-dom_007fiar._.js:8688:17)
    at recursivelyTraversePassiveMountEffects (http://localhost:3000/_next/static/chunks/08.h_next_dist_compiled_react-dom_007fiar._.js:8676:316)
    at commitPassiveMountOnFiber (http://localhost:3000/_next/static/chunks/08.h_next_dist_compiled_react-dom_007fiar._.js:8750:17)
    at recursivelyTraversePassiveMountEffects (http://localhost:3000/_next/static/chunks/08.h_next_dist_compiled_react-dom_007fiar._.js:8676:316)
    at commitPassiveMountOnFiber (http://localhost:3000/_next/static/chunks/08.h_next_dist_compiled_react-dom_007fiar._.js:8750:17)
    at recursivelyTraversePassiveMountEffects (http://localhost:3000/_next/static/chunks/08.h_next_dist_compiled_react-dom_007fiar._.js:8676:316)
    at commitPassiveMountOnFiber (http://localhost:3000/_next/static/chunks/08.h_next_dist_compiled_react-dom_007fiar._.js:8688:17)
    at recursivelyTraversePassiveMountEffects (http://localhost:3000/_next/static/chunks/08.h_next_dist_compiled_react-dom_007fiar._.js:8676:316)
    at commitPassiveMountOnFiber (http://localhost:3000/_next/static/chunks/08.h_next_dist_compiled_react-dom_007fiar._.js:8693:17)
    at recursivelyTraversePassiveMountEffects (http://localhost:3000/_next/static/chunks/08.h_next_dist_compiled_react-dom_007fiar._.js:8676:316)
    at commitPassiveMountOnFiber (http://localhost:3000/_next/static/chunks/08.h_next_dist_compiled_react-dom_007fiar._.js:8688:17)
    at recursivelyTraversePassiveMountEffects (http://localhost:3000/_next/static/chunks/08.h_next_dist_compiled_react-dom_007fiar._.js:8676:316)
    at commitPassiveMountOnFiber (http://localhost:3000/_next/static/chunks/08.h_next_dist_compiled_react-dom_007fiar._.js:8688:17)
    at recursivelyTraversePassiveMountEffects (http://localhost:3000/_next/static/chunks/08.h_next_dist_compiled_react-dom_007fiar._.js:8676:316)
    at commitPassiveMountOnFiber (http://localhost:3000/_next/static/chunks/08.h_next_dist_compiled_react-dom_007fiar._.js:8688:17)
    at recursivelyTraversePassiveMountEffects (http://localhost:3000/_next/static/chunks/08.h_next_dist_compiled_react-dom_007fiar._.js:8676:316)
    at commitPassiveMountOnFiber (http://localhost:3000/_next/static/chunks/08.h_next_dist_compiled_react-dom_007fiar._.js:8688:17)
    at recursivelyTraversePassiveMountEffects (http://localhost:3000/_next/static/chunks/08.h_next_dist_compiled_react-dom_007fiar._.js:8676:316)
    at commitPassiveMountOnFiber (http://localhost:3000/_next/static/chunks/08.h_next_dist_compiled_react-dom_007fiar._.js:8693:17)
    at recursivelyTraversePassiveMountEffects (http://localhost:3000/_next/static/chunks/08.h_next_dist_compiled_react-dom_007fiar._.js:8676:316)
    at commitPassiveMountOnFiber (http://localhost:3000/_next/static/chunks/08.h_next_dist_compiled_react-dom_007fiar._.js:8688:17)
    at recursivelyTraversePassiveMountEffects (http://localhost:3000/_next/static/chunks/08.h_next_dist_compiled_react-dom_007fiar._.js:8676:316)
    at commitPassiveMountOnFiber (http://localhost:3000/_next/static/chunks/08.h_next_dist_compiled_react-dom_007fiar._.js:8688:17)
    at recursivelyTraversePassiveMountEffects (http://localhost:3000/_next/static/chunks/08.h_next_dist_compiled_react-dom_007fiar._.js:8676:316)
    at commitPassiveMountOnFiber (http://localhost:3000/_next/static/chunks/08.h_next_dist_compiled_react-dom_007fiar._.js:8750:17)
    at recursivelyTraversePassiveMountEffects (http://localhost:3000/_next/static/chunks/08.h_next_dist_compiled_react-dom_007fiar._.js:8676:316)
    at commitPassiveMountOnFiber (http://localhost:3000/_next/static/chunks/08.h_next_dist_compiled_react-dom_007fiar._.js:8750:17)
    at recursivelyTraversePassiveMountEffects (http://localhost:3000/_next/static/chunks/08.h_next_dist_compiled_react-dom_007fiar._.js:8676:316)
    at commitPassiveMountOnFiber (http://localhost:3000/_next/static/chunks/08.h_next_dist_compiled_react-dom_007fiar._.js:8688:17)
    at recursivelyTraversePassiveMountEffects (http://localhost:3000/_next/static/chunks/08.h_next_dist_compiled_react-dom_007fiar._.js:8676:316)
    at commitPassiveMountOnFiber (http://localhost:3000/_next/static/chunks/08.h_next_dist_compiled_react-dom_007fiar._.js:8688:17)
    at recursivelyTraversePassiveMountEffects (http://localhost:3000/_next/static/chunks/08.h_next_dist_compiled_react-dom_007fiar._.js:8676:316)
    at commitPassiveMountOnFiber (http://localhost:3000/_next/static/chunks/08.h_next_dist_compiled_react-dom_007fiar._.js:8750:17) @ http://localhost:3000/_next/static/chunks/08.h_next_dist_0ggglf.._.js:3318
[   71912ms] [INFO] %cDownload the React DevTools for a better development experience: https://react.dev/link/react-devtools font-weight:bold @ http://localhost:3000/_next/static/chunks/08.h_next_dist_0ggglf.._.js:2477
[   71927ms] [LOG] [HMR] connected @ http://localhost:3000/_next/static/chunks/08.h_next_dist_0ggglf.._.js:2477
[   71951ms] [ERROR] Failed to fetch applications: TypeError: Cannot read properties of null (reading 'from')
    at fetchApplications (http://localhost:3000/_next/static/chunks/spontus_src_0yx5wbe._.js:1547:196)
    at ApplicationsProvider.useEffect (http://localhost:3000/_next/static/chunks/spontus_src_0yx5wbe._.js:1559:13)
    at Object.react_stack_bottom_frame (http://localhost:3000/_next/static/chunks/08.h_next_dist_compiled_react-dom_007fiar._.js:15087:22)
    at runWithFiberInDEV (http://localhost:3000/_next/static/chunks/08.h_next_dist_compiled_react-dom_007fiar._.js:965:74)
    at commitHookEffectListMount (http://localhost:3000/_next/static/chunks/08.h_next_dist_compiled_react-dom_007fiar._.js:7255:167)
    at commitHookPassiveMountEffects (http://localhost:3000/_next/static/chunks/08.h_next_dist_compiled_react-dom_007fiar._.js:7290:60)
    at commitPassiveMountOnFiber (http://localhost:3000/_next/static/chunks/08.h_next_dist_compiled_react-dom_007fiar._.js:8689:33)
    at recursivelyTraversePassiveMountEffects (http://localhost:3000/_next/static/chunks/08.h_next_dist_compiled_react-dom_007fiar._.js:8676:316)
    at commitPassiveMountOnFiber (http://localhost:3000/_next/static/chunks/08.h_next_dist_compiled_react-dom_007fiar._.js:8750:17)
    at recursivelyTraversePassiveMountEffects (http://localhost:3000/_next/static/chunks/08.h_next_dist_compiled_react-dom_007fiar._.js:8676:316)
    at commitPassiveMountOnFiber (http://localhost:3000/_next/static/chunks/08.h_next_dist_compiled_react-dom_007fiar._.js:8688:17)
    at recursivelyTraversePassiveMountEffects (http://localhost:3000/_next/static/chunks/08.h_next_dist_compiled_react-dom_007fiar._.js:8676:316)
    at commitPassiveMountOnFiber (http://localhost:3000/_next/static/chunks/08.h_next_dist_compiled_react-dom_007fiar._.js:8688:17)
    at recursivelyTraversePassiveMountEffects (http://localhost:3000/_next/static/chunks/08.h_next_dist_compiled_react-dom_007fiar._.js:8676:316)
    at commitPassiveMountOnFiber (http://localhost:3000/_next/static/chunks/08.h_next_dist_compiled_react-dom_007fiar._.js:8750:17)
    at recursivelyTraversePassiveMountEffects (http://localhost:3000/_next/static/chunks/08.h_next_dist_compiled_react-dom_007fiar._.js:8676:316)
    at commitPassiveMountOnFiber (http://localhost:3000/_next/static/chunks/08.h_next_dist_compiled_react-dom_007fiar._.js:8750:17)
    at recursivelyTraversePassiveMountEffects (http://localhost:3000/_next/static/chunks/08.h_next_dist_compiled_react-dom_007fiar._.js:8676:316)
    at commitPassiveMountOnFiber (http://localhost:3000/_next/static/chunks/08.h_next_dist_compiled_react-dom_007fiar._.js:8750:17)
    at recursivelyTraversePassiveMountEffects (http://localhost:3000/_next/static/chunks/08.h_next_dist_compiled_react-dom_007fiar._.js:8676:316)
    at commitPassiveMountOnFiber (http://localhost:3000/_next/static/chunks/08.h_next_dist_compiled_react-dom_007fiar._.js:8688:17)
    at recursivelyTraversePassiveMountEffects (http://localhost:3000/_next/static/chunks/08.h_next_dist_compiled_react-dom_007fiar._.js:8676:316)
    at commitPassiveMountOnFiber (http://localhost:3000/_next/static/chunks/08.h_next_dist_compiled_react-dom_007fiar._.js:8688:17)
    at recursivelyTraversePassiveMountEffects (http://localhost:3000/_next/static/chunks/08.h_next_dist_compiled_react-dom_007fiar._.js:8676:316)
    at commitPassiveMountOnFiber (http://localhost:3000/_next/static/chunks/08.h_next_dist_compiled_react-dom_007fiar._.js:8693:17)
    at recursivelyTraversePassiveMountEffects (http://localhost:3000/_next/static/chunks/08.h_next_dist_compiled_react-dom_007fiar._.js:8676:316)
    at commitPassiveMountOnFiber (http://localhost:3000/_next/static/chunks/08.h_next_dist_compiled_react-dom_007fiar._.js:8688:17)
    at recursivelyTraversePassiveMountEffects (http://localhost:3000/_next/static/chunks/08.h_next_dist_compiled_react-dom_007fiar._.js:8676:316)
    at commitPassiveMountOnFiber (http://localhost:3000/_next/static/chunks/08.h_next_dist_compiled_react-dom_007fiar._.js:8693:17)
    at recursivelyTraversePassiveMountEffects (http://localhost:3000/_next/static/chunks/08.h_next_dist_compiled_react-dom_007fiar._.js:8676:316)
    at commitPassiveMountOnFiber (http://localhost:3000/_next/static/chunks/08.h_next_dist_compiled_react-dom_007fiar._.js:8688:17)
    at recursivelyTraversePassiveMountEffects (http://localhost:3000/_next/static/chunks/08.h_next_dist_compiled_react-dom_007fiar._.js:8676:316)
    at commitPassiveMountOnFiber (http://localhost:3000/_next/static/chunks/08.h_next_dist_compiled_react-dom_007fiar._.js:8688:17)
    at recursivelyTraversePassiveMountEffects (http://localhost:3000/_next/static/chunks/08.h_next_dist_compiled_react-dom_007fiar._.js:8676:316)
    at commitPassiveMountOnFiber (http://localhost:3000/_next/static/chunks/08.h_next_dist_compiled_react-dom_007fiar._.js:8693:17)
    at recursivelyTraversePassiveMountEffects (http://localhost:3000/_next/static/chunks/08.h_next_dist_compiled_react-dom_007fiar._.js:8676:316)
    at commitPassiveMountOnFiber (http://localhost:3000/_next/static/chunks/08.h_next_dist_compiled_react-dom_007fiar._.js:8688:17)
    at recursivelyTraversePassiveMountEffects (http://localhost:3000/_next/static/chunks/08.h_next_dist_compiled_react-dom_007fiar._.js:8676:316)
    at commitPassiveMountOnFiber (http://localhost:3000/_next/static/chunks/08.h_next_dist_compiled_react-dom_007fiar._.js:8750:17)
    at recursivelyTraversePassiveMountEffects (http://localhost:3000/_next/static/chunks/08.h_next_dist_compiled_react-dom_007fiar._.js:8676:316)
    at commitPassiveMountOnFiber (http://localhost:3000/_next/static/chunks/08.h_next_dist_compiled_react-dom_007fiar._.js:8750:17)
    at recursivelyTraversePassiveMountEffects (http://localhost:3000/_next/static/chunks/08.h_next_dist_compiled_react-dom_007fiar._.js:8676:316)
    at commitPassiveMountOnFiber (http://localhost:3000/_next/static/chunks/08.h_next_dist_compiled_react-dom_007fiar._.js:8750:17)
    at recursivelyTraversePassiveMountEffects (http://localhost:3000/_next/static/chunks/08.h_next_dist_compiled_react-dom_007fiar._.js:8676:316)
    at commitPassiveMountOnFiber (http://localhost:3000/_next/static/chunks/08.h_next_dist_compiled_react-dom_007fiar._.js:8750:17)
    at recursivelyTraversePassiveMountEffects (http://localhost:3000/_next/static/chunks/08.h_next_dist_compiled_react-dom_007fiar._.js:8676:316)
    at commitPassiveMountOnFiber (http://localhost:3000/_next/static/chunks/08.h_next_dist_compiled_react-dom_007fiar._.js:8750:17)
    at recursivelyTraversePassiveMountEffects (http://localhost:3000/_next/static/chunks/08.h_next_dist_compiled_react-dom_007fiar._.js:8676:316)
    at commitPassiveMountOnFiber (http://localhost:3000/_next/static/chunks/08.h_next_dist_compiled_react-dom_007fiar._.js:8750:17)
    at recursivelyTraversePassiveMountEffects (http://localhost:3000/_next/static/chunks/08.h_next_dist_compiled_react-dom_007fiar._.js:8676:316) @ http://localhost:3000/_next/static/chunks/08.h_next_dist_0ggglf.._.js:3318
[   72588ms] [INFO] %cDownload the React DevTools for a better development experience: https://react.dev/link/react-devtools font-weight:bold @ http://localhost:3000/_next/static/chunks/08.h_next_dist_0ggglf.._.js:2477
[   72598ms] [LOG] [HMR] connected @ http://localhost:3000/_next/static/chunks/08.h_next_dist_0ggglf.._.js:2477
[   72644ms] [ERROR] Failed to fetch applications: TypeError: Cannot read properties of null (reading 'from')
    at fetchApplications (http://localhost:3000/_next/static/chunks/spontus_src_0yx5wbe._.js:1547:196)
    at ApplicationsProvider.useEffect (http://localhost:3000/_next/static/chunks/spontus_src_0yx5wbe._.js:1559:13)
    at Object.react_stack_bottom_frame (http://localhost:3000/_next/static/chunks/08.h_next_dist_compiled_react-dom_007fiar._.js:15087:22)
    at runWithFiberInDEV (http://localhost:3000/_next/static/chunks/08.h_next_dist_compiled_react-dom_007fiar._.js:965:74)
    at commitHookEffectListMount (http://localhost:3000/_next/static/chunks/08.h_next_dist_compiled_react-dom_007fiar._.js:7255:167)
    at commitHookPassiveMountEffects (http://localhost:3000/_next/static/chunks/08.h_next_dist_compiled_react-dom_007fiar._.js:7290:60)
    at commitPassiveMountOnFiber (http://localhost:3000/_next/static/chunks/08.h_next_dist_compiled_react-dom_007fiar._.js:8689:33)
    at recursivelyTraversePassiveMountEffects (http://localhost:3000/_next/static/chunks/08.h_next_dist_compiled_react-dom_007fiar._.js:8676:316)
    at commitPassiveMountOnFiber (http://localhost:3000/_next/static/chunks/08.h_next_dist_compiled_react-dom_007fiar._.js:8750:17)
    at recursivelyTraversePassiveMountEffects (http://localhost:3000/_next/static/chunks/08.h_next_dist_compiled_react-dom_007fiar._.js:8676:316)
    at commitPassiveMountOnFiber (http://localhost:3000/_next/static/chunks/08.h_next_dist_compiled_react-dom_007fiar._.js:8688:17)
    at recursivelyTraversePassiveMountEffects (http://localhost:3000/_next/static/chunks/08.h_next_dist_compiled_react-dom_007fiar._.js:8676:316)
    at commitPassiveMountOnFiber (http://localhost:3000/_next/static/chunks/08.h_next_dist_compiled_react-dom_007fiar._.js:8688:17)
    at recursivelyTraversePassiveMountEffects (http://localhost:3000/_next/static/chunks/08.h_next_dist_compiled_react-dom_007fiar._.js:8676:316)
    at commitPassiveMountOnFiber (http://localhost:3000/_next/static/chunks/08.h_next_dist_compiled_react-dom_007fiar._.js:8750:17)
    at recursivelyTraversePassiveMountEffects (http://localhost:3000/_next/static/chunks/08.h_next_dist_compiled_react-dom_007fiar._.js:8676:316)
    at commitPassiveMountOnFiber (http://localhost:3000/_next/static/chunks/08.h_next_dist_compiled_react-dom_007fiar._.js:8750:17)
    at recursivelyTraversePassiveMountEffects (http://localhost:3000/_next/static/chunks/08.h_next_dist_compiled_react-dom_007fiar._.js:8676:316)
    at commitPassiveMountOnFiber (http://localhost:3000/_next/static/chunks/08.h_next_dist_compiled_react-dom_007fiar._.js:8750:17)
    at recursivelyTraversePassiveMountEffects (http://localhost:3000/_next/static/chunks/08.h_next_dist_compiled_react-dom_007fiar._.js:8676:316)
    at commitPassiveMountOnFiber (http://localhost:3000/_next/static/chunks/08.h_next_dist_compiled_react-dom_007fiar._.js:8688:17)
    at recursivelyTraversePassiveMountEffects (http://localhost:3000/_next/static/chunks/08.h_next_dist_compiled_react-dom_007fiar._.js:8676:316)
    at commitPassiveMountOnFiber (http://localhost:3000/_next/static/chunks/08.h_next_dist_compiled_react-dom_007fiar._.js:8688:17)
    at recursivelyTraversePassiveMountEffects (http://localhost:3000/_next/static/chunks/08.h_next_dist_compiled_react-dom_007fiar._.js:8676:316)
    at commitPassiveMountOnFiber (http://localhost:3000/_next/static/chunks/08.h_next_dist_compiled_react-dom_007fiar._.js:8693:17)
    at recursivelyTraversePassiveMountEffects (http://localhost:3000/_next/static/chunks/08.h_next_dist_compiled_react-dom_007fiar._.js:8676:316)
    at commitPassiveMountOnFiber (http://localhost:3000/_next/static/chunks/08.h_next_dist_compiled_react-dom_007fiar._.js:8688:17)
    at recursivelyTraversePassiveMountEffects (http://localhost:3000/_next/static/chunks/08.h_next_dist_compiled_react-dom_007fiar._.js:8676:316)
    at commitPassiveMountOnFiber (http://localhost:3000/_next/static/chunks/08.h_next_dist_compiled_react-dom_007fiar._.js:8693:17)
    at recursivelyTraversePassiveMountEffects (http://localhost:3000/_next/static/chunks/08.h_next_dist_compiled_react-dom_007fiar._.js:8676:316)
    at commitPassiveMountOnFiber (http://localhost:3000/_next/static/chunks/08.h_next_dist_compiled_react-dom_007fiar._.js:8688:17)
    at recursivelyTraversePassiveMountEffects (http://localhost:3000/_next/static/chunks/08.h_next_dist_compiled_react-dom_007fiar._.js:8676:316)
    at commitPassiveMountOnFiber (http://localhost:3000/_next/static/chunks/08.h_next_dist_compiled_react-dom_007fiar._.js:8688:17)
    at recursivelyTraversePassiveMountEffects (http://localhost:3000/_next/static/chunks/08.h_next_dist_compiled_react-dom_007fiar._.js:8676:316)
    at commitPassiveMountOnFiber (http://localhost:3000/_next/static/chunks/08.h_next_dist_compiled_react-dom_007fiar._.js:8693:17)
    at recursivelyTraversePassiveMountEffects (http://localhost:3000/_next/static/chunks/08.h_next_dist_compiled_react-dom_007fiar._.js:8676:316)
    at commitPassiveMountOnFiber (http://localhost:3000/_next/static/chunks/08.h_next_dist_compiled_react-dom_007fiar._.js:8688:17)
    at recursivelyTraversePassiveMountEffects (http://localhost:3000/_next/static/chunks/08.h_next_dist_compiled_react-dom_007fiar._.js:8676:316)
    at commitPassiveMountOnFiber (http://localhost:3000/_next/static/chunks/08.h_next_dist_compiled_react-dom_007fiar._.js:8750:17)
    at recursivelyTraversePassiveMountEffects (http://localhost:3000/_next/static/chunks/08.h_next_dist_compiled_react-dom_007fiar._.js:8676:316)
    at commitPassiveMountOnFiber (http://localhost:3000/_next/static/chunks/08.h_next_dist_compiled_react-dom_007fiar._.js:8750:17)
    at recursivelyTraversePassiveMountEffects (http://localhost:3000/_next/static/chunks/08.h_next_dist_compiled_react-dom_007fiar._.js:8676:316)
    at commitPassiveMountOnFiber (http://localhost:3000/_next/static/chunks/08.h_next_dist_compiled_react-dom_007fiar._.js:8750:17)
    at recursivelyTraversePassiveMountEffects (http://localhost:3000/_next/static/chunks/08.h_next_dist_compiled_react-dom_007fiar._.js:8676:316)
    at commitPassiveMountOnFiber (http://localhost:3000/_next/static/chunks/08.h_next_dist_compiled_react-dom_007fiar._.js:8750:17)
    at recursivelyTraversePassiveMountEffects (http://localhost:3000/_next/static/chunks/08.h_next_dist_compiled_react-dom_007fiar._.js:8676:316)
    at commitPassiveMountOnFiber (http://localhost:3000/_next/static/chunks/08.h_next_dist_compiled_react-dom_007fiar._.js:8750:17)
    at recursivelyTraversePassiveMountEffects (http://localhost:3000/_next/static/chunks/08.h_next_dist_compiled_react-dom_007fiar._.js:8676:316)
    at commitPassiveMountOnFiber (http://localhost:3000/_next/static/chunks/08.h_next_dist_compiled_react-dom_007fiar._.js:8750:17)
    at recursivelyTraversePassiveMountEffects (http://localhost:3000/_next/static/chunks/08.h_next_dist_compiled_react-dom_007fiar._.js:8676:316) @ http://localhost:3000/_next/static/chunks/08.h_next_dist_0ggglf.._.js:3318
[   73268ms] [INFO] %cDownload the React DevTools for a better development experience: https://react.dev/link/react-devtools font-weight:bold @ http://localhost:3000/_next/static/chunks/08.h_next_dist_0ggglf.._.js:2477
[   73278ms] [LOG] [HMR] connected @ http://localhost:3000/_next/static/chunks/08.h_next_dist_0ggglf.._.js:2477
[   73312ms] [ERROR] Failed to fetch applications: TypeError: Cannot read properties of null (reading 'from')
    at fetchApplications (http://localhost:3000/_next/static/chunks/spontus_src_0yx5wbe._.js:1547:196)
    at ApplicationsProvider.useEffect (http://localhost:3000/_next/static/chunks/spontus_src_0yx5wbe._.js:1559:13)
    at Object.react_stack_bottom_frame (http://localhost:3000/_next/static/chunks/08.h_next_dist_compiled_react-dom_007fiar._.js:15087:22)
    at runWithFiberInDEV (http://localhost:3000/_next/static/chunks/08.h_next_dist_compiled_react-dom_007fiar._.js:965:74)
    at commitHookEffectListMount (http://localhost:3000/_next/static/chunks/08.h_next_dist_compiled_react-dom_007fiar._.js:7255:167)
    at commitHookPassiveMountEffects (http://localhost:3000/_next/static/chunks/08.h_next_dist_compiled_react-dom_007fiar._.js:7290:60)
    at commitPassiveMountOnFiber (http://localhost:3000/_next/static/chunks/08.h_next_dist_compiled_react-dom_007fiar._.js:8689:33)
    at recursivelyTraversePassiveMountEffects (http://localhost:3000/_next/static/chunks/08.h_next_dist_compiled_react-dom_007fiar._.js:8676:316)
    at commitPassiveMountOnFiber (http://localhost:3000/_next/static/chunks/08.h_next_dist_compiled_react-dom_007fiar._.js:8750:17)
    at recursivelyTraversePassiveMountEffects (http://localhost:3000/_next/static/chunks/08.h_next_dist_compiled_react-dom_007fiar._.js:8676:316)
    at commitPassiveMountOnFiber (http://localhost:3000/_next/static/chunks/08.h_next_dist_compiled_react-dom_007fiar._.js:8688:17)
    at recursivelyTraversePassiveMountEffects (http://localhost:3000/_next/static/chunks/08.h_next_dist_compiled_react-dom_007fiar._.js:8676:316)
    at commitPassiveMountOnFiber (http://localhost:3000/_next/static/chunks/08.h_next_dist_compiled_react-dom_007fiar._.js:8688:17)
    at recursivelyTraversePassiveMountEffects (http://localhost:3000/_next/static/chunks/08.h_next_dist_compiled_react-dom_007fiar._.js:8676:316)
    at commitPassiveMountOnFiber (http://localhost:3000/_next/static/chunks/08.h_next_dist_compiled_react-dom_007fiar._.js:8750:17)
    at recursivelyTraversePassiveMountEffects (http://localhost:3000/_next/static/chunks/08.h_next_dist_compiled_react-dom_007fiar._.js:8676:316)
    at commitPassiveMountOnFiber (http://localhost:3000/_next/static/chunks/08.h_next_dist_compiled_react-dom_007fiar._.js:8750:17)
    at recursivelyTraversePassiveMountEffects (http://localhost:3000/_next/static/chunks/08.h_next_dist_compiled_react-dom_007fiar._.js:8676:316)
    at commitPassiveMountOnFiber (http://localhost:3000/_next/static/chunks/08.h_next_dist_compiled_react-dom_007fiar._.js:8750:17)
    at recursivelyTraversePassiveMountEffects (http://localhost:3000/_next/static/chunks/08.h_next_dist_compiled_react-dom_007fiar._.js:8676:316)
    at commitPassiveMountOnFiber (http://localhost:3000/_next/static/chunks/08.h_next_dist_compiled_react-dom_007fiar._.js:8688:17)
    at recursivelyTraversePassiveMountEffects (http://localhost:3000/_next/static/chunks/08.h_next_dist_compiled_react-dom_007fiar._.js:8676:316)
    at commitPassiveMountOnFiber (http://localhost:3000/_next/static/chunks/08.h_next_dist_compiled_react-dom_007fiar._.js:8688:17)
    at recursivelyTraversePassiveMountEffects (http://localhost:3000/_next/static/chunks/08.h_next_dist_compiled_react-dom_007fiar._.js:8676:316)
    at commitPassiveMountOnFiber (http://localhost:3000/_next/static/chunks/08.h_next_dist_compiled_react-dom_007fiar._.js:8693:17)
    at recursivelyTraversePassiveMountEffects (http://localhost:3000/_next/static/chunks/08.h_next_dist_compiled_react-dom_007fiar._.js:8676:316)
    at commitPassiveMountOnFiber (http://localhost:3000/_next/static/chunks/08.h_next_dist_compiled_react-dom_007fiar._.js:8688:17)
    at recursivelyTraversePassiveMountEffects (http://localhost:3000/_next/static/chunks/08.h_next_dist_compiled_react-dom_007fiar._.js:8676:316)
    at commitPassiveMountOnFiber (http://localhost:3000/_next/static/chunks/08.h_next_dist_compiled_react-dom_007fiar._.js:8693:17)
    at recursivelyTraversePassiveMountEffects (http://localhost:3000/_next/static/chunks/08.h_next_dist_compiled_react-dom_007fiar._.js:8676:316)
    at commitPassiveMountOnFiber (http://localhost:3000/_next/static/chunks/08.h_next_dist_compiled_react-dom_007fiar._.js:8688:17)
    at recursivelyTraversePassiveMountEffects (http://localhost:3000/_next/static/chunks/08.h_next_dist_compiled_react-dom_007fiar._.js:8676:316)
    at commitPassiveMountOnFiber (http://localhost:3000/_next/static/chunks/08.h_next_dist_compiled_react-dom_007fiar._.js:8688:17)
    at recursivelyTraversePassiveMountEffects (http://localhost:3000/_next/static/chunks/08.h_next_dist_compiled_react-dom_007fiar._.js:8676:316)
    at commitPassiveMountOnFiber (http://localhost:3000/_next/static/chunks/08.h_next_dist_compiled_react-dom_007fiar._.js:8693:17)
    at recursivelyTraversePassiveMountEffects (http://localhost:3000/_next/static/chunks/08.h_next_dist_compiled_react-dom_007fiar._.js:8676:316)
    at commitPassiveMountOnFiber (http://localhost:3000/_next/static/chunks/08.h_next_dist_compiled_react-dom_007fiar._.js:8688:17)
    at recursivelyTraversePassiveMountEffects (http://localhost:3000/_next/static/chunks/08.h_next_dist_compiled_react-dom_007fiar._.js:8676:316)
    at commitPassiveMountOnFiber (http://localhost:3000/_next/static/chunks/08.h_next_dist_compiled_react-dom_007fiar._.js:8750:17)
    at recursivelyTraversePassiveMountEffects (http://localhost:3000/_next/static/chunks/08.h_next_dist_compiled_react-dom_007fiar._.js:8676:316)
    at commitPassiveMountOnFiber (http://localhost:3000/_next/static/chunks/08.h_next_dist_compiled_react-dom_007fiar._.js:8750:17)
    at recursivelyTraversePassiveMountEffects (http://localhost:3000/_next/static/chunks/08.h_next_dist_compiled_react-dom_007fiar._.js:8676:316)
    at commitPassiveMountOnFiber (http://localhost:3000/_next/static/chunks/08.h_next_dist_compiled_react-dom_007fiar._.js:8750:17)
    at recursivelyTraversePassiveMountEffects (http://localhost:3000/_next/static/chunks/08.h_next_dist_compiled_react-dom_007fiar._.js:8676:316)
    at commitPassiveMountOnFiber (http://localhost:3000/_next/static/chunks/08.h_next_dist_compiled_react-dom_007fiar._.js:8750:17)
    at recursivelyTraversePassiveMountEffects (http://localhost:3000/_next/static/chunks/08.h_next_dist_compiled_react-dom_007fiar._.js:8676:316)
    at commitPassiveMountOnFiber (http://localhost:3000/_next/static/chunks/08.h_next_dist_compiled_react-dom_007fiar._.js:8750:17)
    at recursivelyTraversePassiveMountEffects (http://localhost:3000/_next/static/chunks/08.h_next_dist_compiled_react-dom_007fiar._.js:8676:316)
    at commitPassiveMountOnFiber (http://localhost:3000/_next/static/chunks/08.h_next_dist_compiled_react-dom_007fiar._.js:8750:17)
    at recursivelyTraversePassiveMountEffects (http://localhost:3000/_next/static/chunks/08.h_next_dist_compiled_react-dom_007fiar._.js:8676:316) @ http://localhost:3000/_next/static/chunks/08.h_next_dist_0ggglf.._.js:3318
[   74302ms] [INFO] %cDownload the React DevTools for a better development experience: https://react.dev/link/react-devtools font-weight:bold @ http://localhost:3000/_next/static/chunks/08.h_next_dist_0ggglf.._.js:2477
[   74311ms] [LOG] [HMR] connected @ http://localhost:3000/_next/static/chunks/08.h_next_dist_0ggglf.._.js:2477
[   74348ms] [ERROR] Failed to fetch applications: TypeError: Cannot read properties of null (reading 'from')
    at fetchApplications (http://localhost:3000/_next/static/chunks/spontus_src_0yx5wbe._.js:1547:196)
    at ApplicationsProvider.useEffect (http://localhost:3000/_next/static/chunks/spontus_src_0yx5wbe._.js:1559:13)
    at Object.react_stack_bottom_frame (http://localhost:3000/_next/static/chunks/08.h_next_dist_compiled_react-dom_007fiar._.js:15087:22)
    at runWithFiberInDEV (http://localhost:3000/_next/static/chunks/08.h_next_dist_compiled_react-dom_007fiar._.js:965:74)
    at commitHookEffectListMount (http://localhost:3000/_next/static/chunks/08.h_next_dist_compiled_react-dom_007fiar._.js:7255:167)
    at commitHookPassiveMountEffects (http://localhost:3000/_next/static/chunks/08.h_next_dist_compiled_react-dom_007fiar._.js:7290:60)
    at commitPassiveMountOnFiber (http://localhost:3000/_next/static/chunks/08.h_next_dist_compiled_react-dom_007fiar._.js:8689:33)
    at recursivelyTraversePassiveMountEffects (http://localhost:3000/_next/static/chunks/08.h_next_dist_compiled_react-dom_007fiar._.js:8676:316)
    at commitPassiveMountOnFiber (http://localhost:3000/_next/static/chunks/08.h_next_dist_compiled_react-dom_007fiar._.js:8750:17)
    at recursivelyTraversePassiveMountEffects (http://localhost:3000/_next/static/chunks/08.h_next_dist_compiled_react-dom_007fiar._.js:8676:316)
    at commitPassiveMountOnFiber (http://localhost:3000/_next/static/chunks/08.h_next_dist_compiled_react-dom_007fiar._.js:8688:17)
    at recursivelyTraversePassiveMountEffects (http://localhost:3000/_next/static/chunks/08.h_next_dist_compiled_react-dom_007fiar._.js:8676:316)
    at commitPassiveMountOnFiber (http://localhost:3000/_next/static/chunks/08.h_next_dist_compiled_react-dom_007fiar._.js:8688:17)
    at recursivelyTraversePassiveMountEffects (http://localhost:3000/_next/static/chunks/08.h_next_dist_compiled_react-dom_007fiar._.js:8676:316)
    at commitPassiveMountOnFiber (http://localhost:3000/_next/static/chunks/08.h_next_dist_compiled_react-dom_007fiar._.js:8750:17)
    at recursivelyTraversePassiveMountEffects (http://localhost:3000/_next/static/chunks/08.h_next_dist_compiled_react-dom_007fiar._.js:8676:316)
    at commitPassiveMountOnFiber (http://localhost:3000/_next/static/chunks/08.h_next_dist_compiled_react-dom_007fiar._.js:8750:17)
    at recursivelyTraversePassiveMountEffects (http://localhost:3000/_next/static/chunks/08.h_next_dist_compiled_react-dom_007fiar._.js:8676:316)
    at commitPassiveMountOnFiber (http://localhost:3000/_next/static/chunks/08.h_next_dist_compiled_react-dom_007fiar._.js:8750:17)
    at recursivelyTraversePassiveMountEffects (http://localhost:3000/_next/static/chunks/08.h_next_dist_compiled_react-dom_007fiar._.js:8676:316)
    at commitPassiveMountOnFiber (http://localhost:3000/_next/static/chunks/08.h_next_dist_compiled_react-dom_007fiar._.js:8688:17)
    at recursivelyTraversePassiveMountEffects (http://localhost:3000/_next/static/chunks/08.h_next_dist_compiled_react-dom_007fiar._.js:8676:316)
    at commitPassiveMountOnFiber (http://localhost:3000/_next/static/chunks/08.h_next_dist_compiled_react-dom_007fiar._.js:8688:17)
    at recursivelyTraversePassiveMountEffects (http://localhost:3000/_next/static/chunks/08.h_next_dist_compiled_react-dom_007fiar._.js:8676:316)
    at commitPassiveMountOnFiber (http://localhost:3000/_next/static/chunks/08.h_next_dist_compiled_react-dom_007fiar._.js:8693:17)
    at recursivelyTraversePassiveMountEffects (http://localhost:3000/_next/static/chunks/08.h_next_dist_compiled_react-dom_007fiar._.js:8676:316)
    at commitPassiveMountOnFiber (http://localhost:3000/_next/static/chunks/08.h_next_dist_compiled_react-dom_007fiar._.js:8688:17)
    at recursivelyTraversePassiveMountEffects (http://localhost:3000/_next/static/chunks/08.h_next_dist_compiled_react-dom_007fiar._.js:8676:316)
    at commitPassiveMountOnFiber (http://localhost:3000/_next/static/chunks/08.h_next_dist_compiled_react-dom_007fiar._.js:8693:17)
    at recursivelyTraversePassiveMountEffects (http://localhost:3000/_next/static/chunks/08.h_next_dist_compiled_react-dom_007fiar._.js:8676:316)
    at commitPassiveMountOnFiber (http://localhost:3000/_next/static/chunks/08.h_next_dist_compiled_react-dom_007fiar._.js:8688:17)
    at recursivelyTraversePassiveMountEffects (http://localhost:3000/_next/static/chunks/08.h_next_dist_compiled_react-dom_007fiar._.js:8676:316)
    at commitPassiveMountOnFiber (http://localhost:3000/_next/static/chunks/08.h_next_dist_compiled_react-dom_007fiar._.js:8688:17)
    at recursivelyTraversePassiveMountEffects (http://localhost:3000/_next/static/chunks/08.h_next_dist_compiled_react-dom_007fiar._.js:8676:316)
    at commitPassiveMountOnFiber (http://localhost:3000/_next/static/chunks/08.h_next_dist_compiled_react-dom_007fiar._.js:8693:17)
    at recursivelyTraversePassiveMountEffects (http://localhost:3000/_next/static/chunks/08.h_next_dist_compiled_react-dom_007fiar._.js:8676:316)
    at commitPassiveMountOnFiber (http://localhost:3000/_next/static/chunks/08.h_next_dist_compiled_react-dom_007fiar._.js:8688:17)
    at recursivelyTraversePassiveMountEffects (http://localhost:3000/_next/static/chunks/08.h_next_dist_compiled_react-dom_007fiar._.js:8676:316)
    at commitPassiveMountOnFiber (http://localhost:3000/_next/static/chunks/08.h_next_dist_compiled_react-dom_007fiar._.js:8750:17)
    at recursivelyTraversePassiveMountEffects (http://localhost:3000/_next/static/chunks/08.h_next_dist_compiled_react-dom_007fiar._.js:8676:316)
    at commitPassiveMountOnFiber (http://localhost:3000/_next/static/chunks/08.h_next_dist_compiled_react-dom_007fiar._.js:8750:17)
    at recursivelyTraversePassiveMountEffects (http://localhost:3000/_next/static/chunks/08.h_next_dist_compiled_react-dom_007fiar._.js:8676:316)
    at commitPassiveMountOnFiber (http://localhost:3000/_next/static/chunks/08.h_next_dist_compiled_react-dom_007fiar._.js:8750:17)
    at recursivelyTraversePassiveMountEffects (http://localhost:3000/_next/static/chunks/08.h_next_dist_compiled_react-dom_007fiar._.js:8676:316)
    at commitPassiveMountOnFiber (http://localhost:3000/_next/static/chunks/08.h_next_dist_compiled_react-dom_007fiar._.js:8750:17)
    at recursivelyTraversePassiveMountEffects (http://localhost:3000/_next/static/chunks/08.h_next_dist_compiled_react-dom_007fiar._.js:8676:316)
    at commitPassiveMountOnFiber (http://localhost:3000/_next/static/chunks/08.h_next_dist_compiled_react-dom_007fiar._.js:8750:17)
    at recursivelyTraversePassiveMountEffects (http://localhost:3000/_next/static/chunks/08.h_next_dist_compiled_react-dom_007fiar._.js:8676:316)
    at commitPassiveMountOnFiber (http://localhost:3000/_next/static/chunks/08.h_next_dist_compiled_react-dom_007fiar._.js:8750:17)
    at recursivelyTraversePassiveMountEffects (http://localhost:3000/_next/static/chunks/08.h_next_dist_compiled_react-dom_007fiar._.js:8676:316) @ http://localhost:3000/_next/static/chunks/08.h_next_dist_0ggglf.._.js:3318
[  105378ms] [INFO] %cDownload the React DevTools for a better development experience: https://react.dev/link/react-devtools font-weight:bold @ http://localhost:3000/_next/static/chunks/08.h_next_dist_0ggglf.._.js:2477
[  105386ms] [LOG] [HMR] connected @ http://localhost:3000/_next/static/chunks/08.h_next_dist_0ggglf.._.js:2477
[  105425ms] [ERROR] Failed to fetch applications: TypeError: Cannot read properties of null (reading 'from')
    at fetchApplications (http://localhost:3000/_next/static/chunks/spontus_src_0yx5wbe._.js:1547:196)
    at ApplicationsProvider.useEffect (http://localhost:3000/_next/static/chunks/spontus_src_0yx5wbe._.js:1559:13)
    at Object.react_stack_bottom_frame (http://localhost:3000/_next/static/chunks/08.h_next_dist_compiled_react-dom_007fiar._.js:15087:22)
    at runWithFiberInDEV (http://localhost:3000/_next/static/chunks/08.h_next_dist_compiled_react-dom_007fiar._.js:965:74)
    at commitHookEffectListMount (http://localhost:3000/_next/static/chunks/08.h_next_dist_compiled_react-dom_007fiar._.js:7255:167)
    at commitHookPassiveMountEffects (http://localhost:3000/_next/static/chunks/08.h_next_dist_compiled_react-dom_007fiar._.js:7290:60)
    at commitPassiveMountOnFiber (http://localhost:3000/_next/static/chunks/08.h_next_dist_compiled_react-dom_007fiar._.js:8689:33)
    at recursivelyTraversePassiveMountEffects (http://localhost:3000/_next/static/chunks/08.h_next_dist_compiled_react-dom_007fiar._.js:8676:316)
    at commitPassiveMountOnFiber (http://localhost:3000/_next/static/chunks/08.h_next_dist_compiled_react-dom_007fiar._.js:8750:17)
    at recursivelyTraversePassiveMountEffects (http://localhost:3000/_next/static/chunks/08.h_next_dist_compiled_react-dom_007fiar._.js:8676:316)
    at commitPassiveMountOnFiber (http://localhost:3000/_next/static/chunks/08.h_next_dist_compiled_react-dom_007fiar._.js:8688:17)
    at recursivelyTraversePassiveMountEffects (http://localhost:3000/_next/static/chunks/08.h_next_dist_compiled_react-dom_007fiar._.js:8676:316)
    at commitPassiveMountOnFiber (http://localhost:3000/_next/static/chunks/08.h_next_dist_compiled_react-dom_007fiar._.js:8688:17)
    at recursivelyTraversePassiveMountEffects (http://localhost:3000/_next/static/chunks/08.h_next_dist_compiled_react-dom_007fiar._.js:8676:316)
    at commitPassiveMountOnFiber (http://localhost:3000/_next/static/chunks/08.h_next_dist_compiled_react-dom_007fiar._.js:8750:17)
    at recursivelyTraversePassiveMountEffects (http://localhost:3000/_next/static/chunks/08.h_next_dist_compiled_react-dom_007fiar._.js:8676:316)
    at commitPassiveMountOnFiber (http://localhost:3000/_next/static/chunks/08.h_next_dist_compiled_react-dom_007fiar._.js:8750:17)
    at recursivelyTraversePassiveMountEffects (http://localhost:3000/_next/static/chunks/08.h_next_dist_compiled_react-dom_007fiar._.js:8676:316)
    at commitPassiveMountOnFiber (http://localhost:3000/_next/static/chunks/08.h_next_dist_compiled_react-dom_007fiar._.js:8750:17)
    at recursivelyTraversePassiveMountEffects (http://localhost:3000/_next/static/chunks/08.h_next_dist_compiled_react-dom_007fiar._.js:8676:316)
    at commitPassiveMountOnFiber (http://localhost:3000/_next/static/chunks/08.h_next_dist_compiled_react-dom_007fiar._.js:8688:17)
    at recursivelyTraversePassiveMountEffects (http://localhost:3000/_next/static/chunks/08.h_next_dist_compiled_react-dom_007fiar._.js:8676:316)
    at commitPassiveMountOnFiber (http://localhost:3000/_next/static/chunks/08.h_next_dist_compiled_react-dom_007fiar._.js:8688:17)
    at recursivelyTraversePassiveMountEffects (http://localhost:3000/_next/static/chunks/08.h_next_dist_compiled_react-dom_007fiar._.js:8676:316)
    at commitPassiveMountOnFiber (http://localhost:3000/_next/static/chunks/08.h_next_dist_compiled_react-dom_007fiar._.js:8693:17)
    at recursivelyTraversePassiveMountEffects (http://localhost:3000/_next/static/chunks/08.h_next_dist_compiled_react-dom_007fiar._.js:8676:316)
    at commitPassiveMountOnFiber (http://localhost:3000/_next/static/chunks/08.h_next_dist_compiled_react-dom_007fiar._.js:8688:17)
    at recursivelyTraversePassiveMountEffects (http://localhost:3000/_next/static/chunks/08.h_next_dist_compiled_react-dom_007fiar._.js:8676:316)
    at commitPassiveMountOnFiber (http://localhost:3000/_next/static/chunks/08.h_next_dist_compiled_react-dom_007fiar._.js:8693:17)
    at recursivelyTraversePassiveMountEffects (http://localhost:3000/_next/static/chunks/08.h_next_dist_compiled_react-dom_007fiar._.js:8676:316)
    at commitPassiveMountOnFiber (http://localhost:3000/_next/static/chunks/08.h_next_dist_compiled_react-dom_007fiar._.js:8688:17)
    at recursivelyTraversePassiveMountEffects (http://localhost:3000/_next/static/chunks/08.h_next_dist_compiled_react-dom_007fiar._.js:8676:316)
    at commitPassiveMountOnFiber (http://localhost:3000/_next/static/chunks/08.h_next_dist_compiled_react-dom_007fiar._.js:8688:17)
    at recursivelyTraversePassiveMountEffects (http://localhost:3000/_next/static/chunks/08.h_next_dist_compiled_react-dom_007fiar._.js:8676:316)
    at commitPassiveMountOnFiber (http://localhost:3000/_next/static/chunks/08.h_next_dist_compiled_react-dom_007fiar._.js:8693:17)
    at recursivelyTraversePassiveMountEffects (http://localhost:3000/_next/static/chunks/08.h_next_dist_compiled_react-dom_007fiar._.js:8676:316)
    at commitPassiveMountOnFiber (http://localhost:3000/_next/static/chunks/08.h_next_dist_compiled_react-dom_007fiar._.js:8688:17)
    at recursivelyTraversePassiveMountEffects (http://localhost:3000/_next/static/chunks/08.h_next_dist_compiled_react-dom_007fiar._.js:8676:316)
    at commitPassiveMountOnFiber (http://localhost:3000/_next/static/chunks/08.h_next_dist_compiled_react-dom_007fiar._.js:8750:17)
    at recursivelyTraversePassiveMountEffects (http://localhost:3000/_next/static/chunks/08.h_next_dist_compiled_react-dom_007fiar._.js:8676:316)
    at commitPassiveMountOnFiber (http://localhost:3000/_next/static/chunks/08.h_next_dist_compiled_react-dom_007fiar._.js:8750:17)
    at recursivelyTraversePassiveMountEffects (http://localhost:3000/_next/static/chunks/08.h_next_dist_compiled_react-dom_007fiar._.js:8676:316)
    at commitPassiveMountOnFiber (http://localhost:3000/_next/static/chunks/08.h_next_dist_compiled_react-dom_007fiar._.js:8750:17)
    at recursivelyTraversePassiveMountEffects (http://localhost:3000/_next/static/chunks/08.h_next_dist_compiled_react-dom_007fiar._.js:8676:316)
    at commitPassiveMountOnFiber (http://localhost:3000/_next/static/chunks/08.h_next_dist_compiled_react-dom_007fiar._.js:8750:17)
    at recursivelyTraversePassiveMountEffects (http://localhost:3000/_next/static/chunks/08.h_next_dist_compiled_react-dom_007fiar._.js:8676:316)
    at commitPassiveMountOnFiber (http://localhost:3000/_next/static/chunks/08.h_next_dist_compiled_react-dom_007fiar._.js:8750:17)
    at recursivelyTraversePassiveMountEffects (http://localhost:3000/_next/static/chunks/08.h_next_dist_compiled_react-dom_007fiar._.js:8676:316)
    at commitPassiveMountOnFiber (http://localhost:3000/_next/static/chunks/08.h_next_dist_compiled_react-dom_007fiar._.js:8750:17)
    at recursivelyTraversePassiveMountEffects (http://localhost:3000/_next/static/chunks/08.h_next_dist_compiled_react-dom_007fiar._.js:8676:316) @ http://localhost:3000/_next/static/chunks/08.h_next_dist_0ggglf.._.js:3318
[  106249ms] [INFO] %cDownload the React DevTools for a better development experience: https://react.dev/link/react-devtools font-weight:bold @ http://localhost:3000/_next/static/chunks/08.h_next_dist_0ggglf.._.js:2477
[  106268ms] [LOG] [HMR] connected @ http://localhost:3000/_next/static/chunks/08.h_next_dist_0ggglf.._.js:2477
[  106292ms] [ERROR] Failed to fetch applications: TypeError: Cannot read properties of null (reading 'from')
    at fetchApplications (http://localhost:3000/_next/static/chunks/spontus_src_0yx5wbe._.js:1547:196)
    at ApplicationsProvider.useEffect (http://localhost:3000/_next/static/chunks/spontus_src_0yx5wbe._.js:1559:13)
    at Object.react_stack_bottom_frame (http://localhost:3000/_next/static/chunks/08.h_next_dist_compiled_react-dom_007fiar._.js:15087:22)
    at runWithFiberInDEV (http://localhost:3000/_next/static/chunks/08.h_next_dist_compiled_react-dom_007fiar._.js:965:74)
    at commitHookEffectListMount (http://localhost:3000/_next/static/chunks/08.h_next_dist_compiled_react-dom_007fiar._.js:7255:167)
    at commitHookPassiveMountEffects (http://localhost:3000/_next/static/chunks/08.h_next_dist_compiled_react-dom_007fiar._.js:7290:60)
    at commitPassiveMountOnFiber (http://localhost:3000/_next/static/chunks/08.h_next_dist_compiled_react-dom_007fiar._.js:8689:33)
    at recursivelyTraversePassiveMountEffects (http://localhost:3000/_next/static/chunks/08.h_next_dist_compiled_react-dom_007fiar._.js:8676:316)
    at commitPassiveMountOnFiber (http://localhost:3000/_next/static/chunks/08.h_next_dist_compiled_react-dom_007fiar._.js:8750:17)
    at recursivelyTraversePassiveMountEffects (http://localhost:3000/_next/static/chunks/08.h_next_dist_compiled_react-dom_007fiar._.js:8676:316)
    at commitPassiveMountOnFiber (http://localhost:3000/_next/static/chunks/08.h_next_dist_compiled_react-dom_007fiar._.js:8688:17)
    at recursivelyTraversePassiveMountEffects (http://localhost:3000/_next/static/chunks/08.h_next_dist_compiled_react-dom_007fiar._.js:8676:316)
    at commitPassiveMountOnFiber (http://localhost:3000/_next/static/chunks/08.h_next_dist_compiled_react-dom_007fiar._.js:8688:17)
    at recursivelyTraversePassiveMountEffects (http://localhost:3000/_next/static/chunks/08.h_next_dist_compiled_react-dom_007fiar._.js:8676:316)
    at commitPassiveMountOnFiber (http://localhost:3000/_next/static/chunks/08.h_next_dist_compiled_react-dom_007fiar._.js:8750:17)
    at recursivelyTraversePassiveMountEffects (http://localhost:3000/_next/static/chunks/08.h_next_dist_compiled_react-dom_007fiar._.js:8676:316)
    at commitPassiveMountOnFiber (http://localhost:3000/_next/static/chunks/08.h_next_dist_compiled_react-dom_007fiar._.js:8750:17)
    at recursivelyTraversePassiveMountEffects (http://localhost:3000/_next/static/chunks/08.h_next_dist_compiled_react-dom_007fiar._.js:8676:316)
    at commitPassiveMountOnFiber (http://localhost:3000/_next/static/chunks/08.h_next_dist_compiled_react-dom_007fiar._.js:8750:17)
    at recursivelyTraversePassiveMountEffects (http://localhost:3000/_next/static/chunks/08.h_next_dist_compiled_react-dom_007fiar._.js:8676:316)
    at commitPassiveMountOnFiber (http://localhost:3000/_next/static/chunks/08.h_next_dist_compiled_react-dom_007fiar._.js:8688:17)
    at recursivelyTraversePassiveMountEffects (http://localhost:3000/_next/static/chunks/08.h_next_dist_compiled_react-dom_007fiar._.js:8676:316)
    at commitPassiveMountOnFiber (http://localhost:3000/_next/static/chunks/08.h_next_dist_compiled_react-dom_007fiar._.js:8688:17)
    at recursivelyTraversePassiveMountEffects (http://localhost:3000/_next/static/chunks/08.h_next_dist_compiled_react-dom_007fiar._.js:8676:316)
    at commitPassiveMountOnFiber (http://localhost:3000/_next/static/chunks/08.h_next_dist_compiled_react-dom_007fiar._.js:8693:17)
    at recursivelyTraversePassiveMountEffects (http://localhost:3000/_next/static/chunks/08.h_next_dist_compiled_react-dom_007fiar._.js:8676:316)
    at commitPassiveMountOnFiber (http://localhost:3000/_next/static/chunks/08.h_next_dist_compiled_react-dom_007fiar._.js:8688:17)
    at recursivelyTraversePassiveMountEffects (http://localhost:3000/_next/static/chunks/08.h_next_dist_compiled_react-dom_007fiar._.js:8676:316)
    at commitPassiveMountOnFiber (http://localhost:3000/_next/static/chunks/08.h_next_dist_compiled_react-dom_007fiar._.js:8693:17)
    at recursivelyTraversePassiveMountEffects (http://localhost:3000/_next/static/chunks/08.h_next_dist_compiled_react-dom_007fiar._.js:8676:316)
    at commitPassiveMountOnFiber (http://localhost:3000/_next/static/chunks/08.h_next_dist_compiled_react-dom_007fiar._.js:8688:17)
    at recursivelyTraversePassiveMountEffects (http://localhost:3000/_next/static/chunks/08.h_next_dist_compiled_react-dom_007fiar._.js:8676:316)
    at commitPassiveMountOnFiber (http://localhost:3000/_next/static/chunks/08.h_next_dist_compiled_react-dom_007fiar._.js:8688:17)
    at recursivelyTraversePassiveMountEffects (http://localhost:3000/_next/static/chunks/08.h_next_dist_compiled_react-dom_007fiar._.js:8676:316)
    at commitPassiveMountOnFiber (http://localhost:3000/_next/static/chunks/08.h_next_dist_compiled_react-dom_007fiar._.js:8693:17)
    at recursivelyTraversePassiveMountEffects (http://localhost:3000/_next/static/chunks/08.h_next_dist_compiled_react-dom_007fiar._.js:8676:316)
    at commitPassiveMountOnFiber (http://localhost:3000/_next/static/chunks/08.h_next_dist_compiled_react-dom_007fiar._.js:8688:17)
    at recursivelyTraversePassiveMountEffects (http://localhost:3000/_next/static/chunks/08.h_next_dist_compiled_react-dom_007fiar._.js:8676:316)
    at commitPassiveMountOnFiber (http://localhost:3000/_next/static/chunks/08.h_next_dist_compiled_react-dom_007fiar._.js:8750:17)
    at recursivelyTraversePassiveMountEffects (http://localhost:3000/_next/static/chunks/08.h_next_dist_compiled_react-dom_007fiar._.js:8676:316)
    at commitPassiveMountOnFiber (http://localhost:3000/_next/static/chunks/08.h_next_dist_compiled_react-dom_007fiar._.js:8750:17)
    at recursivelyTraversePassiveMountEffects (http://localhost:3000/_next/static/chunks/08.h_next_dist_compiled_react-dom_007fiar._.js:8676:316)
    at commitPassiveMountOnFiber (http://localhost:3000/_next/static/chunks/08.h_next_dist_compiled_react-dom_007fiar._.js:8750:17)
    at recursivelyTraversePassiveMountEffects (http://localhost:3000/_next/static/chunks/08.h_next_dist_compiled_react-dom_007fiar._.js:8676:316)
    at commitPassiveMountOnFiber (http://localhost:3000/_next/static/chunks/08.h_next_dist_compiled_react-dom_007fiar._.js:8750:17)
    at recursivelyTraversePassiveMountEffects (http://localhost:3000/_next/static/chunks/08.h_next_dist_compiled_react-dom_007fiar._.js:8676:316)
    at commitPassiveMountOnFiber (http://localhost:3000/_next/static/chunks/08.h_next_dist_compiled_react-dom_007fiar._.js:8750:17)
    at recursivelyTraversePassiveMountEffects (http://localhost:3000/_next/static/chunks/08.h_next_dist_compiled_react-dom_007fiar._.js:8676:316)
    at commitPassiveMountOnFiber (http://localhost:3000/_next/static/chunks/08.h_next_dist_compiled_react-dom_007fiar._.js:8750:17)
    at recursivelyTraversePassiveMountEffects (http://localhost:3000/_next/static/chunks/08.h_next_dist_compiled_react-dom_007fiar._.js:8676:316) @ http://localhost:3000/_next/static/chunks/08.h_next_dist_0ggglf.._.js:3318
[  136949ms] [INFO] %cDownload the React DevTools for a better development experience: https://react.dev/link/react-devtools font-weight:bold @ http://localhost:3000/_next/static/chunks/08.h_next_dist_0ggglf.._.js:2477
[  136960ms] [LOG] [HMR] connected @ http://localhost:3000/_next/static/chunks/08.h_next_dist_0ggglf.._.js:2477
[  137006ms] [ERROR] Failed to fetch applications: TypeError: Cannot read properties of null (reading 'from')
    at fetchApplications (http://localhost:3000/_next/static/chunks/spontus_src_0yx5wbe._.js:1547:196)
    at ApplicationsProvider.useEffect (http://localhost:3000/_next/static/chunks/spontus_src_0yx5wbe._.js:1559:13)
    at Object.react_stack_bottom_frame (http://localhost:3000/_next/static/chunks/08.h_next_dist_compiled_react-dom_007fiar._.js:15087:22)
    at runWithFiberInDEV (http://localhost:3000/_next/static/chunks/08.h_next_dist_compiled_react-dom_007fiar._.js:965:74)
    at commitHookEffectListMount (http://localhost:3000/_next/static/chunks/08.h_next_dist_compiled_react-dom_007fiar._.js:7255:167)
    at commitHookPassiveMountEffects (http://localhost:3000/_next/static/chunks/08.h_next_dist_compiled_react-dom_007fiar._.js:7290:60)
    at commitPassiveMountOnFiber (http://localhost:3000/_next/static/chunks/08.h_next_dist_compiled_react-dom_007fiar._.js:8689:33)
    at recursivelyTraversePassiveMountEffects (http://localhost:3000/_next/static/chunks/08.h_next_dist_compiled_react-dom_007fiar._.js:8676:316)
    at commitPassiveMountOnFiber (http://localhost:3000/_next/static/chunks/08.h_next_dist_compiled_react-dom_007fiar._.js:8750:17)
    at recursivelyTraversePassiveMountEffects (http://localhost:3000/_next/static/chunks/08.h_next_dist_compiled_react-dom_007fiar._.js:8676:316)
    at commitPassiveMountOnFiber (http://localhost:3000/_next/static/chunks/08.h_next_dist_compiled_react-dom_007fiar._.js:8688:17)
    at recursivelyTraversePassiveMountEffects (http://localhost:3000/_next/static/chunks/08.h_next_dist_compiled_react-dom_007fiar._.js:8676:316)
    at commitPassiveMountOnFiber (http://localhost:3000/_next/static/chunks/08.h_next_dist_compiled_react-dom_007fiar._.js:8688:17)
    at recursivelyTraversePassiveMountEffects (http://localhost:3000/_next/static/chunks/08.h_next_dist_compiled_react-dom_007fiar._.js:8676:316)
    at commitPassiveMountOnFiber (http://localhost:3000/_next/static/chunks/08.h_next_dist_compiled_react-dom_007fiar._.js:8750:17)
    at recursivelyTraversePassiveMountEffects (http://localhost:3000/_next/static/chunks/08.h_next_dist_compiled_react-dom_007fiar._.js:8676:316)
    at commitPassiveMountOnFiber (http://localhost:3000/_next/static/chunks/08.h_next_dist_compiled_react-dom_007fiar._.js:8750:17)
    at recursivelyTraversePassiveMountEffects (http://localhost:3000/_next/static/chunks/08.h_next_dist_compiled_react-dom_007fiar._.js:8676:316)
    at commitPassiveMountOnFiber (http://localhost:3000/_next/static/chunks/08.h_next_dist_compiled_react-dom_007fiar._.js:8750:17)
    at recursivelyTraversePassiveMountEffects (http://localhost:3000/_next/static/chunks/08.h_next_dist_compiled_react-dom_007fiar._.js:8676:316)
    at commitPassiveMountOnFiber (http://localhost:3000/_next/static/chunks/08.h_next_dist_compiled_react-dom_007fiar._.js:8688:17)
    at recursivelyTraversePassiveMountEffects (http://localhost:3000/_next/static/chunks/08.h_next_dist_compiled_react-dom_007fiar._.js:8676:316)
    at commitPassiveMountOnFiber (http://localhost:3000/_next/static/chunks/08.h_next_dist_compiled_react-dom_007fiar._.js:8688:17)
    at recursivelyTraversePassiveMountEffects (http://localhost:3000/_next/static/chunks/08.h_next_dist_compiled_react-dom_007fiar._.js:8676:316)
    at commitPassiveMountOnFiber (http://localhost:3000/_next/static/chunks/08.h_next_dist_compiled_react-dom_007fiar._.js:8693:17)
    at recursivelyTraversePassiveMountEffects (http://localhost:3000/_next/static/chunks/08.h_next_dist_compiled_react-dom_007fiar._.js:8676:316)
    at commitPassiveMountOnFiber (http://localhost:3000/_next/static/chunks/08.h_next_dist_compiled_react-dom_007fiar._.js:8688:17)
    at recursivelyTraversePassiveMountEffects (http://localhost:3000/_next/static/chunks/08.h_next_dist_compiled_react-dom_007fiar._.js:8676:316)
    at commitPassiveMountOnFiber (http://localhost:3000/_next/static/chunks/08.h_next_dist_compiled_react-dom_007fiar._.js:8693:17)
    at recursivelyTraversePassiveMountEffects (http://localhost:3000/_next/static/chunks/08.h_next_dist_compiled_react-dom_007fiar._.js:8676:316)
    at commitPassiveMountOnFiber (http://localhost:3000/_next/static/chunks/08.h_next_dist_compiled_react-dom_007fiar._.js:8688:17)
    at recursivelyTraversePassiveMountEffects (http://localhost:3000/_next/static/chunks/08.h_next_dist_compiled_react-dom_007fiar._.js:8676:316)
    at commitPassiveMountOnFiber (http://localhost:3000/_next/static/chunks/08.h_next_dist_compiled_react-dom_007fiar._.js:8688:17)
    at recursivelyTraversePassiveMountEffects (http://localhost:3000/_next/static/chunks/08.h_next_dist_compiled_react-dom_007fiar._.js:8676:316)
    at commitPassiveMountOnFiber (http://localhost:3000/_next/static/chunks/08.h_next_dist_compiled_react-dom_007fiar._.js:8693:17)
    at recursivelyTraversePassiveMountEffects (http://localhost:3000/_next/static/chunks/08.h_next_dist_compiled_react-dom_007fiar._.js:8676:316)
    at commitPassiveMountOnFiber (http://localhost:3000/_next/static/chunks/08.h_next_dist_compiled_react-dom_007fiar._.js:8688:17)
    at recursivelyTraversePassiveMountEffects (http://localhost:3000/_next/static/chunks/08.h_next_dist_compiled_react-dom_007fiar._.js:8676:316)
    at commitPassiveMountOnFiber (http://localhost:3000/_next/static/chunks/08.h_next_dist_compiled_react-dom_007fiar._.js:8750:17)
    at recursivelyTraversePassiveMountEffects (http://localhost:3000/_next/static/chunks/08.h_next_dist_compiled_react-dom_007fiar._.js:8676:316)
    at commitPassiveMountOnFiber (http://localhost:3000/_next/static/chunks/08.h_next_dist_compiled_react-dom_007fiar._.js:8750:17)
    at recursivelyTraversePassiveMountEffects (http://localhost:3000/_next/static/chunks/08.h_next_dist_compiled_react-dom_007fiar._.js:8676:316)
    at commitPassiveMountOnFiber (http://localhost:3000/_next/static/chunks/08.h_next_dist_compiled_react-dom_007fiar._.js:8750:17)
    at recursivelyTraversePassiveMountEffects (http://localhost:3000/_next/static/chunks/08.h_next_dist_compiled_react-dom_007fiar._.js:8676:316)
    at commitPassiveMountOnFiber (http://localhost:3000/_next/static/chunks/08.h_next_dist_compiled_react-dom_007fiar._.js:8750:17)
    at recursivelyTraversePassiveMountEffects (http://localhost:3000/_next/static/chunks/08.h_next_dist_compiled_react-dom_007fiar._.js:8676:316)
    at commitPassiveMountOnFiber (http://localhost:3000/_next/static/chunks/08.h_next_dist_compiled_react-dom_007fiar._.js:8750:17)
    at recursivelyTraversePassiveMountEffects (http://localhost:3000/_next/static/chunks/08.h_next_dist_compiled_react-dom_007fiar._.js:8676:316)
    at commitPassiveMountOnFiber (http://localhost:3000/_next/static/chunks/08.h_next_dist_compiled_react-dom_007fiar._.js:8750:17)
    at recursivelyTraversePassiveMountEffects (http://localhost:3000/_next/static/chunks/08.h_next_dist_compiled_react-dom_007fiar._.js:8676:316) @ http://localhost:3000/_next/static/chunks/08.h_next_dist_0ggglf.._.js:3318
[  137084ms] [LOG] [Fast Refresh] rebuilding @ http://localhost:3000/_next/static/chunks/08.h_next_dist_0ggglf.._.js:2477
[  137134ms] [LOG] [Fast Refresh] done in 151ms @ http://localhost:3000/_next/static/chunks/08.h_next_dist_0ggglf.._.js:2477
[  137567ms] [ERROR] Failed to load resource: the server responded with a status of 404 (Not Found) @ http://localhost:3000/team/listings/lst-does-not-exist:0
[  137582ms] [INFO] %cDownload the React DevTools for a better development experience: https://react.dev/link/react-devtools font-weight:bold @ http://localhost:3000/_next/static/chunks/08.h_next_dist_0ggglf.._.js:2477
[  137591ms] [LOG] [HMR] connected @ http://localhost:3000/_next/static/chunks/08.h_next_dist_0ggglf.._.js:2477
[  137628ms] [ERROR] Failed to fetch applications: TypeError: Cannot read properties of null (reading 'from')
    at fetchApplications (http://localhost:3000/_next/static/chunks/spontus_src_0yx5wbe._.js:1547:196)
    at ApplicationsProvider.useEffect (http://localhost:3000/_next/static/chunks/spontus_src_0yx5wbe._.js:1559:13)
    at Object.react_stack_bottom_frame (http://localhost:3000/_next/static/chunks/08.h_next_dist_compiled_react-dom_007fiar._.js:15087:22)
    at runWithFiberInDEV (http://localhost:3000/_next/static/chunks/08.h_next_dist_compiled_react-dom_007fiar._.js:965:74)
    at commitHookEffectListMount (http://localhost:3000/_next/static/chunks/08.h_next_dist_compiled_react-dom_007fiar._.js:7255:167)
    at commitHookPassiveMountEffects (http://localhost:3000/_next/static/chunks/08.h_next_dist_compiled_react-dom_007fiar._.js:7290:60)
    at commitPassiveMountOnFiber (http://localhost:3000/_next/static/chunks/08.h_next_dist_compiled_react-dom_007fiar._.js:8689:33)
    at recursivelyTraversePassiveMountEffects (http://localhost:3000/_next/static/chunks/08.h_next_dist_compiled_react-dom_007fiar._.js:8676:316)
    at commitPassiveMountOnFiber (http://localhost:3000/_next/static/chunks/08.h_next_dist_compiled_react-dom_007fiar._.js:8750:17)
    at recursivelyTraversePassiveMountEffects (http://localhost:3000/_next/static/chunks/08.h_next_dist_compiled_react-dom_007fiar._.js:8676:316)
    at commitPassiveMountOnFiber (http://localhost:3000/_next/static/chunks/08.h_next_dist_compiled_react-dom_007fiar._.js:8688:17)
    at recursivelyTraversePassiveMountEffects (http://localhost:3000/_next/static/chunks/08.h_next_dist_compiled_react-dom_007fiar._.js:8676:316)
    at commitPassiveMountOnFiber (http://localhost:3000/_next/static/chunks/08.h_next_dist_compiled_react-dom_007fiar._.js:8688:17)
    at recursivelyTraversePassiveMountEffects (http://localhost:3000/_next/static/chunks/08.h_next_dist_compiled_react-dom_007fiar._.js:8676:316)
    at commitPassiveMountOnFiber (http://localhost:3000/_next/static/chunks/08.h_next_dist_compiled_react-dom_007fiar._.js:8750:17)
    at recursivelyTraversePassiveMountEffects (http://localhost:3000/_next/static/chunks/08.h_next_dist_compiled_react-dom_007fiar._.js:8676:316)
    at commitPassiveMountOnFiber (http://localhost:3000/_next/static/chunks/08.h_next_dist_compiled_react-dom_007fiar._.js:8750:17)
    at recursivelyTraversePassiveMountEffects (http://localhost:3000/_next/static/chunks/08.h_next_dist_compiled_react-dom_007fiar._.js:8676:316)
    at commitPassiveMountOnFiber (http://localhost:3000/_next/static/chunks/08.h_next_dist_compiled_react-dom_007fiar._.js:8750:17)
    at recursivelyTraversePassiveMountEffects (http://localhost:3000/_next/static/chunks/08.h_next_dist_compiled_react-dom_007fiar._.js:8676:316)
    at commitPassiveMountOnFiber (http://localhost:3000/_next/static/chunks/08.h_next_dist_compiled_react-dom_007fiar._.js:8688:17)
    at recursivelyTraversePassiveMountEffects (http://localhost:3000/_next/static/chunks/08.h_next_dist_compiled_react-dom_007fiar._.js:8676:316)
    at commitPassiveMountOnFiber (http://localhost:3000/_next/static/chunks/08.h_next_dist_compiled_react-dom_007fiar._.js:8688:17)
    at recursivelyTraversePassiveMountEffects (http://localhost:3000/_next/static/chunks/08.h_next_dist_compiled_react-dom_007fiar._.js:8676:316)
    at commitPassiveMountOnFiber (http://localhost:3000/_next/static/chunks/08.h_next_dist_compiled_react-dom_007fiar._.js:8693:17)
    at recursivelyTraversePassiveMountEffects (http://localhost:3000/_next/static/chunks/08.h_next_dist_compiled_react-dom_007fiar._.js:8676:316)
    at commitPassiveMountOnFiber (http://localhost:3000/_next/static/chunks/08.h_next_dist_compiled_react-dom_007fiar._.js:8688:17)
    at recursivelyTraversePassiveMountEffects (http://localhost:3000/_next/static/chunks/08.h_next_dist_compiled_react-dom_007fiar._.js:8676:316)
    at commitPassiveMountOnFiber (http://localhost:3000/_next/static/chunks/08.h_next_dist_compiled_react-dom_007fiar._.js:8693:17)
    at recursivelyTraversePassiveMountEffects (http://localhost:3000/_next/static/chunks/08.h_next_dist_compiled_react-dom_007fiar._.js:8676:316)
    at commitPassiveMountOnFiber (http://localhost:3000/_next/static/chunks/08.h_next_dist_compiled_react-dom_007fiar._.js:8688:17)
    at recursivelyTraversePassiveMountEffects (http://localhost:3000/_next/static/chunks/08.h_next_dist_compiled_react-dom_007fiar._.js:8676:316)
    at commitPassiveMountOnFiber (http://localhost:3000/_next/static/chunks/08.h_next_dist_compiled_react-dom_007fiar._.js:8688:17)
    at recursivelyTraversePassiveMountEffects (http://localhost:3000/_next/static/chunks/08.h_next_dist_compiled_react-dom_007fiar._.js:8676:316)
    at commitPassiveMountOnFiber (http://localhost:3000/_next/static/chunks/08.h_next_dist_compiled_react-dom_007fiar._.js:8693:17)
    at recursivelyTraversePassiveMountEffects (http://localhost:3000/_next/static/chunks/08.h_next_dist_compiled_react-dom_007fiar._.js:8676:316)
    at commitPassiveMountOnFiber (http://localhost:3000/_next/static/chunks/08.h_next_dist_compiled_react-dom_007fiar._.js:8688:17)
    at recursivelyTraversePassiveMountEffects (http://localhost:3000/_next/static/chunks/08.h_next_dist_compiled_react-dom_007fiar._.js:8676:316)
    at commitPassiveMountOnFiber (http://localhost:3000/_next/static/chunks/08.h_next_dist_compiled_react-dom_007fiar._.js:8750:17)
    at recursivelyTraversePassiveMountEffects (http://localhost:3000/_next/static/chunks/08.h_next_dist_compiled_react-dom_007fiar._.js:8676:316)
    at commitPassiveMountOnFiber (http://localhost:3000/_next/static/chunks/08.h_next_dist_compiled_react-dom_007fiar._.js:8750:17)
    at recursivelyTraversePassiveMountEffects (http://localhost:3000/_next/static/chunks/08.h_next_dist_compiled_react-dom_007fiar._.js:8676:316)
    at commitPassiveMountOnFiber (http://localhost:3000/_next/static/chunks/08.h_next_dist_compiled_react-dom_007fiar._.js:8750:17)
    at recursivelyTraversePassiveMountEffects (http://localhost:3000/_next/static/chunks/08.h_next_dist_compiled_react-dom_007fiar._.js:8676:316)
    at commitPassiveMountOnFiber (http://localhost:3000/_next/static/chunks/08.h_next_dist_compiled_react-dom_007fiar._.js:8750:17)
    at recursivelyTraversePassiveMountEffects (http://localhost:3000/_next/static/chunks/08.h_next_dist_compiled_react-dom_007fiar._.js:8676:316)
    at commitPassiveMountOnFiber (http://localhost:3000/_next/static/chunks/08.h_next_dist_compiled_react-dom_007fiar._.js:8750:17)
    at recursivelyTraversePassiveMountEffects (http://localhost:3000/_next/static/chunks/08.h_next_dist_compiled_react-dom_007fiar._.js:8676:316)
    at commitPassiveMountOnFiber (http://localhost:3000/_next/static/chunks/08.h_next_dist_compiled_react-dom_007fiar._.js:8750:17)
    at recursivelyTraversePassiveMountEffects (http://localhost:3000/_next/static/chunks/08.h_next_dist_compiled_react-dom_007fiar._.js:8676:316) @ http://localhost:3000/_next/static/chunks/08.h_next_dist_0ggglf.._.js:3318
[  138160ms] [ERROR] Failed to load resource: the server responded with a status of 404 (Not Found) @ http://localhost:3000/sponsor/listings/lst-does-not-exist:0
[  138172ms] [INFO] %cDownload the React DevTools for a better development experience: https://react.dev/link/react-devtools font-weight:bold @ http://localhost:3000/_next/static/chunks/08.h_next_dist_0ggglf.._.js:2477
[  138179ms] [LOG] [HMR] connected @ http://localhost:3000/_next/static/chunks/08.h_next_dist_0ggglf.._.js:2477
[  138201ms] [ERROR] Failed to fetch applications: TypeError: Cannot read properties of null (reading 'from')
    at fetchApplications (http://localhost:3000/_next/static/chunks/spontus_src_0yx5wbe._.js:1547:196)
    at ApplicationsProvider.useEffect (http://localhost:3000/_next/static/chunks/spontus_src_0yx5wbe._.js:1559:13)
    at Object.react_stack_bottom_frame (http://localhost:3000/_next/static/chunks/08.h_next_dist_compiled_react-dom_007fiar._.js:15087:22)
    at runWithFiberInDEV (http://localhost:3000/_next/static/chunks/08.h_next_dist_compiled_react-dom_007fiar._.js:965:74)
    at commitHookEffectListMount (http://localhost:3000/_next/static/chunks/08.h_next_dist_compiled_react-dom_007fiar._.js:7255:167)
    at commitHookPassiveMountEffects (http://localhost:3000/_next/static/chunks/08.h_next_dist_compiled_react-dom_007fiar._.js:7290:60)
    at commitPassiveMountOnFiber (http://localhost:3000/_next/static/chunks/08.h_next_dist_compiled_react-dom_007fiar._.js:8689:33)
    at recursivelyTraversePassiveMountEffects (http://localhost:3000/_next/static/chunks/08.h_next_dist_compiled_react-dom_007fiar._.js:8676:316)
    at commitPassiveMountOnFiber (http://localhost:3000/_next/static/chunks/08.h_next_dist_compiled_react-dom_007fiar._.js:8750:17)
    at recursivelyTraversePassiveMountEffects (http://localhost:3000/_next/static/chunks/08.h_next_dist_compiled_react-dom_007fiar._.js:8676:316)
    at commitPassiveMountOnFiber (http://localhost:3000/_next/static/chunks/08.h_next_dist_compiled_react-dom_007fiar._.js:8688:17)
    at recursivelyTraversePassiveMountEffects (http://localhost:3000/_next/static/chunks/08.h_next_dist_compiled_react-dom_007fiar._.js:8676:316)
    at commitPassiveMountOnFiber (http://localhost:3000/_next/static/chunks/08.h_next_dist_compiled_react-dom_007fiar._.js:8688:17)
    at recursivelyTraversePassiveMountEffects (http://localhost:3000/_next/static/chunks/08.h_next_dist_compiled_react-dom_007fiar._.js:8676:316)
    at commitPassiveMountOnFiber (http://localhost:3000/_next/static/chunks/08.h_next_dist_compiled_react-dom_007fiar._.js:8750:17)
    at recursivelyTraversePassiveMountEffects (http://localhost:3000/_next/static/chunks/08.h_next_dist_compiled_react-dom_007fiar._.js:8676:316)
    at commitPassiveMountOnFiber (http://localhost:3000/_next/static/chunks/08.h_next_dist_compiled_react-dom_007fiar._.js:8750:17)
    at recursivelyTraversePassiveMountEffects (http://localhost:3000/_next/static/chunks/08.h_next_dist_compiled_react-dom_007fiar._.js:8676:316)
    at commitPassiveMountOnFiber (http://localhost:3000/_next/static/chunks/08.h_next_dist_compiled_react-dom_007fiar._.js:8750:17)
    at recursivelyTraversePassiveMountEffects (http://localhost:3000/_next/static/chunks/08.h_next_dist_compiled_react-dom_007fiar._.js:8676:316)
    at commitPassiveMountOnFiber (http://localhost:3000/_next/static/chunks/08.h_next_dist_compiled_react-dom_007fiar._.js:8688:17)
    at recursivelyTraversePassiveMountEffects (http://localhost:3000/_next/static/chunks/08.h_next_dist_compiled_react-dom_007fiar._.js:8676:316)
    at commitPassiveMountOnFiber (http://localhost:3000/_next/static/chunks/08.h_next_dist_compiled_react-dom_007fiar._.js:8688:17)
    at recursivelyTraversePassiveMountEffects (http://localhost:3000/_next/static/chunks/08.h_next_dist_compiled_react-dom_007fiar._.js:8676:316)
    at commitPassiveMountOnFiber (http://localhost:3000/_next/static/chunks/08.h_next_dist_compiled_react-dom_007fiar._.js:8693:17)
    at recursivelyTraversePassiveMountEffects (http://localhost:3000/_next/static/chunks/08.h_next_dist_compiled_react-dom_007fiar._.js:8676:316)
    at commitPassiveMountOnFiber (http://localhost:3000/_next/static/chunks/08.h_next_dist_compiled_react-dom_007fiar._.js:8688:17)
    at recursivelyTraversePassiveMountEffects (http://localhost:3000/_next/static/chunks/08.h_next_dist_compiled_react-dom_007fiar._.js:8676:316)
    at commitPassiveMountOnFiber (http://localhost:3000/_next/static/chunks/08.h_next_dist_compiled_react-dom_007fiar._.js:8693:17)
    at recursivelyTraversePassiveMountEffects (http://localhost:3000/_next/static/chunks/08.h_next_dist_compiled_react-dom_007fiar._.js:8676:316)
    at commitPassiveMountOnFiber (http://localhost:3000/_next/static/chunks/08.h_next_dist_compiled_react-dom_007fiar._.js:8688:17)
    at recursivelyTraversePassiveMountEffects (http://localhost:3000/_next/static/chunks/08.h_next_dist_compiled_react-dom_007fiar._.js:8676:316)
    at commitPassiveMountOnFiber (http://localhost:3000/_next/static/chunks/08.h_next_dist_compiled_react-dom_007fiar._.js:8688:17)
    at recursivelyTraversePassiveMountEffects (http://localhost:3000/_next/static/chunks/08.h_next_dist_compiled_react-dom_007fiar._.js:8676:316)
    at commitPassiveMountOnFiber (http://localhost:3000/_next/static/chunks/08.h_next_dist_compiled_react-dom_007fiar._.js:8693:17)
    at recursivelyTraversePassiveMountEffects (http://localhost:3000/_next/static/chunks/08.h_next_dist_compiled_react-dom_007fiar._.js:8676:316)
    at commitPassiveMountOnFiber (http://localhost:3000/_next/static/chunks/08.h_next_dist_compiled_react-dom_007fiar._.js:8688:17)
    at recursivelyTraversePassiveMountEffects (http://localhost:3000/_next/static/chunks/08.h_next_dist_compiled_react-dom_007fiar._.js:8676:316)
    at commitPassiveMountOnFiber (http://localhost:3000/_next/static/chunks/08.h_next_dist_compiled_react-dom_007fiar._.js:8750:17)
    at recursivelyTraversePassiveMountEffects (http://localhost:3000/_next/static/chunks/08.h_next_dist_compiled_react-dom_007fiar._.js:8676:316)
    at commitPassiveMountOnFiber (http://localhost:3000/_next/static/chunks/08.h_next_dist_compiled_react-dom_007fiar._.js:8750:17)
    at recursivelyTraversePassiveMountEffects (http://localhost:3000/_next/static/chunks/08.h_next_dist_compiled_react-dom_007fiar._.js:8676:316)
    at commitPassiveMountOnFiber (http://localhost:3000/_next/static/chunks/08.h_next_dist_compiled_react-dom_007fiar._.js:8750:17)
    at recursivelyTraversePassiveMountEffects (http://localhost:3000/_next/static/chunks/08.h_next_dist_compiled_react-dom_007fiar._.js:8676:316)
    at commitPassiveMountOnFiber (http://localhost:3000/_next/static/chunks/08.h_next_dist_compiled_react-dom_007fiar._.js:8750:17)
    at recursivelyTraversePassiveMountEffects (http://localhost:3000/_next/static/chunks/08.h_next_dist_compiled_react-dom_007fiar._.js:8676:316)
    at commitPassiveMountOnFiber (http://localhost:3000/_next/static/chunks/08.h_next_dist_compiled_react-dom_007fiar._.js:8750:17)
    at recursivelyTraversePassiveMountEffects (http://localhost:3000/_next/static/chunks/08.h_next_dist_compiled_react-dom_007fiar._.js:8676:316)
    at commitPassiveMountOnFiber (http://localhost:3000/_next/static/chunks/08.h_next_dist_compiled_react-dom_007fiar._.js:8750:17)
    at recursivelyTraversePassiveMountEffects (http://localhost:3000/_next/static/chunks/08.h_next_dist_compiled_react-dom_007fiar._.js:8676:316) @ http://localhost:3000/_next/static/chunks/08.h_next_dist_0ggglf.._.js:3318
[  138783ms] [ERROR] Failed to load resource: the server responded with a status of 404 (Not Found) @ http://localhost:3000/teams/not-a-real-team:0
[  138797ms] [INFO] %cDownload the React DevTools for a better development experience: https://react.dev/link/react-devtools font-weight:bold @ http://localhost:3000/_next/static/chunks/08.h_next_dist_0ggglf.._.js:2477
[  138804ms] [LOG] [HMR] connected @ http://localhost:3000/_next/static/chunks/08.h_next_dist_0ggglf.._.js:2477
[  138826ms] [ERROR] Failed to fetch applications: TypeError: Cannot read properties of null (reading 'from')
    at fetchApplications (http://localhost:3000/_next/static/chunks/spontus_src_0yx5wbe._.js:1547:196)
    at ApplicationsProvider.useEffect (http://localhost:3000/_next/static/chunks/spontus_src_0yx5wbe._.js:1559:13)
    at Object.react_stack_bottom_frame (http://localhost:3000/_next/static/chunks/08.h_next_dist_compiled_react-dom_007fiar._.js:15087:22)
    at runWithFiberInDEV (http://localhost:3000/_next/static/chunks/08.h_next_dist_compiled_react-dom_007fiar._.js:965:74)
    at commitHookEffectListMount (http://localhost:3000/_next/static/chunks/08.h_next_dist_compiled_react-dom_007fiar._.js:7255:167)
    at commitHookPassiveMountEffects (http://localhost:3000/_next/static/chunks/08.h_next_dist_compiled_react-dom_007fiar._.js:7290:60)
    at commitPassiveMountOnFiber (http://localhost:3000/_next/static/chunks/08.h_next_dist_compiled_react-dom_007fiar._.js:8689:33)
    at recursivelyTraversePassiveMountEffects (http://localhost:3000/_next/static/chunks/08.h_next_dist_compiled_react-dom_007fiar._.js:8676:316)
    at commitPassiveMountOnFiber (http://localhost:3000/_next/static/chunks/08.h_next_dist_compiled_react-dom_007fiar._.js:8750:17)
    at recursivelyTraversePassiveMountEffects (http://localhost:3000/_next/static/chunks/08.h_next_dist_compiled_react-dom_007fiar._.js:8676:316)
    at commitPassiveMountOnFiber (http://localhost:3000/_next/static/chunks/08.h_next_dist_compiled_react-dom_007fiar._.js:8688:17)
    at recursivelyTraversePassiveMountEffects (http://localhost:3000/_next/static/chunks/08.h_next_dist_compiled_react-dom_007fiar._.js:8676:316)
    at commitPassiveMountOnFiber (http://localhost:3000/_next/static/chunks/08.h_next_dist_compiled_react-dom_007fiar._.js:8688:17)
    at recursivelyTraversePassiveMountEffects (http://localhost:3000/_next/static/chunks/08.h_next_dist_compiled_react-dom_007fiar._.js:8676:316)
    at commitPassiveMountOnFiber (http://localhost:3000/_next/static/chunks/08.h_next_dist_compiled_react-dom_007fiar._.js:8750:17)
    at recursivelyTraversePassiveMountEffects (http://localhost:3000/_next/static/chunks/08.h_next_dist_compiled_react-dom_007fiar._.js:8676:316)
    at commitPassiveMountOnFiber (http://localhost:3000/_next/static/chunks/08.h_next_dist_compiled_react-dom_007fiar._.js:8750:17)
    at recursivelyTraversePassiveMountEffects (http://localhost:3000/_next/static/chunks/08.h_next_dist_compiled_react-dom_007fiar._.js:8676:316)
    at commitPassiveMountOnFiber (http://localhost:3000/_next/static/chunks/08.h_next_dist_compiled_react-dom_007fiar._.js:8750:17)
    at recursivelyTraversePassiveMountEffects (http://localhost:3000/_next/static/chunks/08.h_next_dist_compiled_react-dom_007fiar._.js:8676:316)
    at commitPassiveMountOnFiber (http://localhost:3000/_next/static/chunks/08.h_next_dist_compiled_react-dom_007fiar._.js:8688:17)
    at recursivelyTraversePassiveMountEffects (http://localhost:3000/_next/static/chunks/08.h_next_dist_compiled_react-dom_007fiar._.js:8676:316)
    at commitPassiveMountOnFiber (http://localhost:3000/_next/static/chunks/08.h_next_dist_compiled_react-dom_007fiar._.js:8688:17)
    at recursivelyTraversePassiveMountEffects (http://localhost:3000/_next/static/chunks/08.h_next_dist_compiled_react-dom_007fiar._.js:8676:316)
    at commitPassiveMountOnFiber (http://localhost:3000/_next/static/chunks/08.h_next_dist_compiled_react-dom_007fiar._.js:8693:17)
    at recursivelyTraversePassiveMountEffects (http://localhost:3000/_next/static/chunks/08.h_next_dist_compiled_react-dom_007fiar._.js:8676:316)
    at commitPassiveMountOnFiber (http://localhost:3000/_next/static/chunks/08.h_next_dist_compiled_react-dom_007fiar._.js:8688:17)
    at recursivelyTraversePassiveMountEffects (http://localhost:3000/_next/static/chunks/08.h_next_dist_compiled_react-dom_007fiar._.js:8676:316)
    at commitPassiveMountOnFiber (http://localhost:3000/_next/static/chunks/08.h_next_dist_compiled_react-dom_007fiar._.js:8693:17)
    at recursivelyTraversePassiveMountEffects (http://localhost:3000/_next/static/chunks/08.h_next_dist_compiled_react-dom_007fiar._.js:8676:316)
    at commitPassiveMountOnFiber (http://localhost:3000/_next/static/chunks/08.h_next_dist_compiled_react-dom_007fiar._.js:8688:17)
    at recursivelyTraversePassiveMountEffects (http://localhost:3000/_next/static/chunks/08.h_next_dist_compiled_react-dom_007fiar._.js:8676:316)
    at commitPassiveMountOnFiber (http://localhost:3000/_next/static/chunks/08.h_next_dist_compiled_react-dom_007fiar._.js:8688:17)
    at recursivelyTraversePassiveMountEffects (http://localhost:3000/_next/static/chunks/08.h_next_dist_compiled_react-dom_007fiar._.js:8676:316)
    at commitPassiveMountOnFiber (http://localhost:3000/_next/static/chunks/08.h_next_dist_compiled_react-dom_007fiar._.js:8693:17)
    at recursivelyTraversePassiveMountEffects (http://localhost:3000/_next/static/chunks/08.h_next_dist_compiled_react-dom_007fiar._.js:8676:316)
    at commitPassiveMountOnFiber (http://localhost:3000/_next/static/chunks/08.h_next_dist_compiled_react-dom_007fiar._.js:8688:17)
    at recursivelyTraversePassiveMountEffects (http://localhost:3000/_next/static/chunks/08.h_next_dist_compiled_react-dom_007fiar._.js:8676:316)
    at commitPassiveMountOnFiber (http://localhost:3000/_next/static/chunks/08.h_next_dist_compiled_react-dom_007fiar._.js:8750:17)
    at recursivelyTraversePassiveMountEffects (http://localhost:3000/_next/static/chunks/08.h_next_dist_compiled_react-dom_007fiar._.js:8676:316)
    at commitPassiveMountOnFiber (http://localhost:3000/_next/static/chunks/08.h_next_dist_compiled_react-dom_007fiar._.js:8750:17)
    at recursivelyTraversePassiveMountEffects (http://localhost:3000/_next/static/chunks/08.h_next_dist_compiled_react-dom_007fiar._.js:8676:316)
    at commitPassiveMountOnFiber (http://localhost:3000/_next/static/chunks/08.h_next_dist_compiled_react-dom_007fiar._.js:8750:17)
    at recursivelyTraversePassiveMountEffects (http://localhost:3000/_next/static/chunks/08.h_next_dist_compiled_react-dom_007fiar._.js:8676:316)
    at commitPassiveMountOnFiber (http://localhost:3000/_next/static/chunks/08.h_next_dist_compiled_react-dom_007fiar._.js:8750:17)
    at recursivelyTraversePassiveMountEffects (http://localhost:3000/_next/static/chunks/08.h_next_dist_compiled_react-dom_007fiar._.js:8676:316)
    at commitPassiveMountOnFiber (http://localhost:3000/_next/static/chunks/08.h_next_dist_compiled_react-dom_007fiar._.js:8750:17)
    at recursivelyTraversePassiveMountEffects (http://localhost:3000/_next/static/chunks/08.h_next_dist_compiled_react-dom_007fiar._.js:8676:316)
    at commitPassiveMountOnFiber (http://localhost:3000/_next/static/chunks/08.h_next_dist_compiled_react-dom_007fiar._.js:8750:17)
    at recursivelyTraversePassiveMountEffects (http://localhost:3000/_next/static/chunks/08.h_next_dist_compiled_react-dom_007fiar._.js:8676:316) @ http://localhost:3000/_next/static/chunks/08.h_next_dist_0ggglf.._.js:3318
[  139416ms] [INFO] %cDownload the React DevTools for a better development experience: https://react.dev/link/react-devtools font-weight:bold @ http://localhost:3000/_next/static/chunks/08.h_next_dist_0ggglf.._.js:2477
[  139427ms] [LOG] [HMR] connected @ http://localhost:3000/_next/static/chunks/08.h_next_dist_0ggglf.._.js:2477
[  139443ms] [ERROR] Failed to fetch applications: TypeError: Cannot read properties of null (reading 'from')
    at fetchApplications (http://localhost:3000/_next/static/chunks/spontus_src_0yx5wbe._.js:1547:196)
    at ApplicationsProvider.useEffect (http://localhost:3000/_next/static/chunks/spontus_src_0yx5wbe._.js:1559:13)
    at Object.react_stack_bottom_frame (http://localhost:3000/_next/static/chunks/08.h_next_dist_compiled_react-dom_007fiar._.js:15087:22)
    at runWithFiberInDEV (http://localhost:3000/_next/static/chunks/08.h_next_dist_compiled_react-dom_007fiar._.js:965:74)
    at commitHookEffectListMount (http://localhost:3000/_next/static/chunks/08.h_next_dist_compiled_react-dom_007fiar._.js:7255:167)
    at commitHookPassiveMountEffects (http://localhost:3000/_next/static/chunks/08.h_next_dist_compiled_react-dom_007fiar._.js:7290:60)
    at commitPassiveMountOnFiber (http://localhost:3000/_next/static/chunks/08.h_next_dist_compiled_react-dom_007fiar._.js:8689:33)
    at recursivelyTraversePassiveMountEffects (http://localhost:3000/_next/static/chunks/08.h_next_dist_compiled_react-dom_007fiar._.js:8676:316)
    at commitPassiveMountOnFiber (http://localhost:3000/_next/static/chunks/08.h_next_dist_compiled_react-dom_007fiar._.js:8750:17)
    at recursivelyTraversePassiveMountEffects (http://localhost:3000/_next/static/chunks/08.h_next_dist_compiled_react-dom_007fiar._.js:8676:316)
    at commitPassiveMountOnFiber (http://localhost:3000/_next/static/chunks/08.h_next_dist_compiled_react-dom_007fiar._.js:8688:17)
    at recursivelyTraversePassiveMountEffects (http://localhost:3000/_next/static/chunks/08.h_next_dist_compiled_react-dom_007fiar._.js:8676:316)
    at commitPassiveMountOnFiber (http://localhost:3000/_next/static/chunks/08.h_next_dist_compiled_react-dom_007fiar._.js:8688:17)
    at recursivelyTraversePassiveMountEffects (http://localhost:3000/_next/static/chunks/08.h_next_dist_compiled_react-dom_007fiar._.js:8676:316)
    at commitPassiveMountOnFiber (http://localhost:3000/_next/static/chunks/08.h_next_dist_compiled_react-dom_007fiar._.js:8750:17)
    at recursivelyTraversePassiveMountEffects (http://localhost:3000/_next/static/chunks/08.h_next_dist_compiled_react-dom_007fiar._.js:8676:316)
    at commitPassiveMountOnFiber (http://localhost:3000/_next/static/chunks/08.h_next_dist_compiled_react-dom_007fiar._.js:8750:17)
    at recursivelyTraversePassiveMountEffects (http://localhost:3000/_next/static/chunks/08.h_next_dist_compiled_react-dom_007fiar._.js:8676:316)
    at commitPassiveMountOnFiber (http://localhost:3000/_next/static/chunks/08.h_next_dist_compiled_react-dom_007fiar._.js:8750:17)
    at recursivelyTraversePassiveMountEffects (http://localhost:3000/_next/static/chunks/08.h_next_dist_compiled_react-dom_007fiar._.js:8676:316)
    at commitPassiveMountOnFiber (http://localhost:3000/_next/static/chunks/08.h_next_dist_compiled_react-dom_007fiar._.js:8688:17)
    at recursivelyTraversePassiveMountEffects (http://localhost:3000/_next/static/chunks/08.h_next_dist_compiled_react-dom_007fiar._.js:8676:316)
    at commitPassiveMountOnFiber (http://localhost:3000/_next/static/chunks/08.h_next_dist_compiled_react-dom_007fiar._.js:8688:17)
    at recursivelyTraversePassiveMountEffects (http://localhost:3000/_next/static/chunks/08.h_next_dist_compiled_react-dom_007fiar._.js:8676:316)
    at commitPassiveMountOnFiber (http://localhost:3000/_next/static/chunks/08.h_next_dist_compiled_react-dom_007fiar._.js:8693:17)
    at recursivelyTraversePassiveMountEffects (http://localhost:3000/_next/static/chunks/08.h_next_dist_compiled_react-dom_007fiar._.js:8676:316)
    at commitPassiveMountOnFiber (http://localhost:3000/_next/static/chunks/08.h_next_dist_compiled_react-dom_007fiar._.js:8688:17)
    at recursivelyTraversePassiveMountEffects (http://localhost:3000/_next/static/chunks/08.h_next_dist_compiled_react-dom_007fiar._.js:8676:316)
    at commitPassiveMountOnFiber (http://localhost:3000/_next/static/chunks/08.h_next_dist_compiled_react-dom_007fiar._.js:8693:17)
    at recursivelyTraversePassiveMountEffects (http://localhost:3000/_next/static/chunks/08.h_next_dist_compiled_react-dom_007fiar._.js:8676:316)
    at commitPassiveMountOnFiber (http://localhost:3000/_next/static/chunks/08.h_next_dist_compiled_react-dom_007fiar._.js:8688:17)
    at recursivelyTraversePassiveMountEffects (http://localhost:3000/_next/static/chunks/08.h_next_dist_compiled_react-dom_007fiar._.js:8676:316)
    at commitPassiveMountOnFiber (http://localhost:3000/_next/static/chunks/08.h_next_dist_compiled_react-dom_007fiar._.js:8688:17)
    at recursivelyTraversePassiveMountEffects (http://localhost:3000/_next/static/chunks/08.h_next_dist_compiled_react-dom_007fiar._.js:8676:316)
    at commitPassiveMountOnFiber (http://localhost:3000/_next/static/chunks/08.h_next_dist_compiled_react-dom_007fiar._.js:8693:17)
    at recursivelyTraversePassiveMountEffects (http://localhost:3000/_next/static/chunks/08.h_next_dist_compiled_react-dom_007fiar._.js:8676:316)
    at commitPassiveMountOnFiber (http://localhost:3000/_next/static/chunks/08.h_next_dist_compiled_react-dom_007fiar._.js:8688:17)
    at recursivelyTraversePassiveMountEffects (http://localhost:3000/_next/static/chunks/08.h_next_dist_compiled_react-dom_007fiar._.js:8676:316)
    at commitPassiveMountOnFiber (http://localhost:3000/_next/static/chunks/08.h_next_dist_compiled_react-dom_007fiar._.js:8750:17)
    at recursivelyTraversePassiveMountEffects (http://localhost:3000/_next/static/chunks/08.h_next_dist_compiled_react-dom_007fiar._.js:8676:316)
    at commitPassiveMountOnFiber (http://localhost:3000/_next/static/chunks/08.h_next_dist_compiled_react-dom_007fiar._.js:8750:17)
    at recursivelyTraversePassiveMountEffects (http://localhost:3000/_next/static/chunks/08.h_next_dist_compiled_react-dom_007fiar._.js:8676:316)
    at commitPassiveMountOnFiber (http://localhost:3000/_next/static/chunks/08.h_next_dist_compiled_react-dom_007fiar._.js:8750:17)
    at recursivelyTraversePassiveMountEffects (http://localhost:3000/_next/static/chunks/08.h_next_dist_compiled_react-dom_007fiar._.js:8676:316)
    at commitPassiveMountOnFiber (http://localhost:3000/_next/static/chunks/08.h_next_dist_compiled_react-dom_007fiar._.js:8750:17)
    at recursivelyTraversePassiveMountEffects (http://localhost:3000/_next/static/chunks/08.h_next_dist_compiled_react-dom_007fiar._.js:8676:316)
    at commitPassiveMountOnFiber (http://localhost:3000/_next/static/chunks/08.h_next_dist_compiled_react-dom_007fiar._.js:8750:17)
    at recursivelyTraversePassiveMountEffects (http://localhost:3000/_next/static/chunks/08.h_next_dist_compiled_react-dom_007fiar._.js:8676:316)
    at commitPassiveMountOnFiber (http://localhost:3000/_next/static/chunks/08.h_next_dist_compiled_react-dom_007fiar._.js:8750:17)
    at recursivelyTraversePassiveMountEffects (http://localhost:3000/_next/static/chunks/08.h_next_dist_compiled_react-dom_007fiar._.js:8676:316) @ http://localhost:3000/_next/static/chunks/08.h_next_dist_0ggglf.._.js:3318
[  176337ms] [INFO] %cDownload the React DevTools for a better development experience: https://react.dev/link/react-devtools font-weight:bold @ http://localhost:3000/_next/static/chunks/08.h_next_dist_0ggglf.._.js:2477
[  176348ms] [LOG] [HMR] connected @ http://localhost:3000/_next/static/chunks/08.h_next_dist_0ggglf.._.js:2477
[  176366ms] [ERROR] Failed to fetch applications: TypeError: Cannot read properties of null (reading 'from')
    at fetchApplications (http://localhost:3000/_next/static/chunks/spontus_src_0yx5wbe._.js:1547:196)
    at ApplicationsProvider.useEffect (http://localhost:3000/_next/static/chunks/spontus_src_0yx5wbe._.js:1559:13)
    at Object.react_stack_bottom_frame (http://localhost:3000/_next/static/chunks/08.h_next_dist_compiled_react-dom_007fiar._.js:15087:22)
    at runWithFiberInDEV (http://localhost:3000/_next/static/chunks/08.h_next_dist_compiled_react-dom_007fiar._.js:965:74)
    at commitHookEffectListMount (http://localhost:3000/_next/static/chunks/08.h_next_dist_compiled_react-dom_007fiar._.js:7255:167)
    at commitHookPassiveMountEffects (http://localhost:3000/_next/static/chunks/08.h_next_dist_compiled_react-dom_007fiar._.js:7290:60)
    at commitPassiveMountOnFiber (http://localhost:3000/_next/static/chunks/08.h_next_dist_compiled_react-dom_007fiar._.js:8689:33)
    at recursivelyTraversePassiveMountEffects (http://localhost:3000/_next/static/chunks/08.h_next_dist_compiled_react-dom_007fiar._.js:8676:316)
    at commitPassiveMountOnFiber (http://localhost:3000/_next/static/chunks/08.h_next_dist_compiled_react-dom_007fiar._.js:8750:17)
    at recursivelyTraversePassiveMountEffects (http://localhost:3000/_next/static/chunks/08.h_next_dist_compiled_react-dom_007fiar._.js:8676:316)
    at commitPassiveMountOnFiber (http://localhost:3000/_next/static/chunks/08.h_next_dist_compiled_react-dom_007fiar._.js:8688:17)
    at recursivelyTraversePassiveMountEffects (http://localhost:3000/_next/static/chunks/08.h_next_dist_compiled_react-dom_007fiar._.js:8676:316)
    at commitPassiveMountOnFiber (http://localhost:3000/_next/static/chunks/08.h_next_dist_compiled_react-dom_007fiar._.js:8688:17)
    at recursivelyTraversePassiveMountEffects (http://localhost:3000/_next/static/chunks/08.h_next_dist_compiled_react-dom_007fiar._.js:8676:316)
    at commitPassiveMountOnFiber (http://localhost:3000/_next/static/chunks/08.h_next_dist_compiled_react-dom_007fiar._.js:8750:17)
    at recursivelyTraversePassiveMountEffects (http://localhost:3000/_next/static/chunks/08.h_next_dist_compiled_react-dom_007fiar._.js:8676:316)
    at commitPassiveMountOnFiber (http://localhost:3000/_next/static/chunks/08.h_next_dist_compiled_react-dom_007fiar._.js:8750:17)
    at recursivelyTraversePassiveMountEffects (http://localhost:3000/_next/static/chunks/08.h_next_dist_compiled_react-dom_007fiar._.js:8676:316)
    at commitPassiveMountOnFiber (http://localhost:3000/_next/static/chunks/08.h_next_dist_compiled_react-dom_007fiar._.js:8750:17)
    at recursivelyTraversePassiveMountEffects (http://localhost:3000/_next/static/chunks/08.h_next_dist_compiled_react-dom_007fiar._.js:8676:316)
    at commitPassiveMountOnFiber (http://localhost:3000/_next/static/chunks/08.h_next_dist_compiled_react-dom_007fiar._.js:8688:17)
    at recursivelyTraversePassiveMountEffects (http://localhost:3000/_next/static/chunks/08.h_next_dist_compiled_react-dom_007fiar._.js:8676:316)
    at commitPassiveMountOnFiber (http://localhost:3000/_next/static/chunks/08.h_next_dist_compiled_react-dom_007fiar._.js:8688:17)
    at recursivelyTraversePassiveMountEffects (http://localhost:3000/_next/static/chunks/08.h_next_dist_compiled_react-dom_007fiar._.js:8676:316)
    at commitPassiveMountOnFiber (http://localhost:3000/_next/static/chunks/08.h_next_dist_compiled_react-dom_007fiar._.js:8693:17)
    at recursivelyTraversePassiveMountEffects (http://localhost:3000/_next/static/chunks/08.h_next_dist_compiled_react-dom_007fiar._.js:8676:316)
    at commitPassiveMountOnFiber (http://localhost:3000/_next/static/chunks/08.h_next_dist_compiled_react-dom_007fiar._.js:8688:17)
    at recursivelyTraversePassiveMountEffects (http://localhost:3000/_next/static/chunks/08.h_next_dist_compiled_react-dom_007fiar._.js:8676:316)
    at commitPassiveMountOnFiber (http://localhost:3000/_next/static/chunks/08.h_next_dist_compiled_react-dom_007fiar._.js:8693:17)
    at recursivelyTraversePassiveMountEffects (http://localhost:3000/_next/static/chunks/08.h_next_dist_compiled_react-dom_007fiar._.js:8676:316)
    at commitPassiveMountOnFiber (http://localhost:3000/_next/static/chunks/08.h_next_dist_compiled_react-dom_007fiar._.js:8688:17)
    at recursivelyTraversePassiveMountEffects (http://localhost:3000/_next/static/chunks/08.h_next_dist_compiled_react-dom_007fiar._.js:8676:316)
    at commitPassiveMountOnFiber (http://localhost:3000/_next/static/chunks/08.h_next_dist_compiled_react-dom_007fiar._.js:8688:17)
    at recursivelyTraversePassiveMountEffects (http://localhost:3000/_next/static/chunks/08.h_next_dist_compiled_react-dom_007fiar._.js:8676:316)
    at commitPassiveMountOnFiber (http://localhost:3000/_next/static/chunks/08.h_next_dist_compiled_react-dom_007fiar._.js:8693:17)
    at recursivelyTraversePassiveMountEffects (http://localhost:3000/_next/static/chunks/08.h_next_dist_compiled_react-dom_007fiar._.js:8676:316)
    at commitPassiveMountOnFiber (http://localhost:3000/_next/static/chunks/08.h_next_dist_compiled_react-dom_007fiar._.js:8688:17)
    at recursivelyTraversePassiveMountEffects (http://localhost:3000/_next/static/chunks/08.h_next_dist_compiled_react-dom_007fiar._.js:8676:316)
    at commitPassiveMountOnFiber (http://localhost:3000/_next/static/chunks/08.h_next_dist_compiled_react-dom_007fiar._.js:8750:17)
    at recursivelyTraversePassiveMountEffects (http://localhost:3000/_next/static/chunks/08.h_next_dist_compiled_react-dom_007fiar._.js:8676:316)
    at commitPassiveMountOnFiber (http://localhost:3000/_next/static/chunks/08.h_next_dist_compiled_react-dom_007fiar._.js:8750:17)
    at recursivelyTraversePassiveMountEffects (http://localhost:3000/_next/static/chunks/08.h_next_dist_compiled_react-dom_007fiar._.js:8676:316)
    at commitPassiveMountOnFiber (http://localhost:3000/_next/static/chunks/08.h_next_dist_compiled_react-dom_007fiar._.js:8750:17)
    at recursivelyTraversePassiveMountEffects (http://localhost:3000/_next/static/chunks/08.h_next_dist_compiled_react-dom_007fiar._.js:8676:316)
    at commitPassiveMountOnFiber (http://localhost:3000/_next/static/chunks/08.h_next_dist_compiled_react-dom_007fiar._.js:8750:17)
    at recursivelyTraversePassiveMountEffects (http://localhost:3000/_next/static/chunks/08.h_next_dist_compiled_react-dom_007fiar._.js:8676:316)
    at commitPassiveMountOnFiber (http://localhost:3000/_next/static/chunks/08.h_next_dist_compiled_react-dom_007fiar._.js:8750:17)
    at recursivelyTraversePassiveMountEffects (http://localhost:3000/_next/static/chunks/08.h_next_dist_compiled_react-dom_007fiar._.js:8676:316)
    at commitPassiveMountOnFiber (http://localhost:3000/_next/static/chunks/08.h_next_dist_compiled_react-dom_007fiar._.js:8750:17)
    at recursivelyTraversePassiveMountEffects (http://localhost:3000/_next/static/chunks/08.h_next_dist_compiled_react-dom_007fiar._.js:8676:316) @ http://localhost:3000/_next/static/chunks/08.h_next_dist_0ggglf.._.js:3318
[  187557ms] [INFO] %cDownload the React DevTools for a better development experience: https://react.dev/link/react-devtools font-weight:bold @ http://localhost:3000/_next/static/chunks/08.h_next_dist_0ggglf.._.js:2477
[  187568ms] [LOG] [HMR] connected @ http://localhost:3000/_next/static/chunks/08.h_next_dist_0ggglf.._.js:2477
[  187597ms] [ERROR] Failed to fetch applications: TypeError: Cannot read properties of null (reading 'from')
    at fetchApplications (http://localhost:3000/_next/static/chunks/spontus_src_0yx5wbe._.js:1547:196)
    at ApplicationsProvider.useEffect (http://localhost:3000/_next/static/chunks/spontus_src_0yx5wbe._.js:1559:13)
    at Object.react_stack_bottom_frame (http://localhost:3000/_next/static/chunks/08.h_next_dist_compiled_react-dom_007fiar._.js:15087:22)
    at runWithFiberInDEV (http://localhost:3000/_next/static/chunks/08.h_next_dist_compiled_react-dom_007fiar._.js:965:74)
    at commitHookEffectListMount (http://localhost:3000/_next/static/chunks/08.h_next_dist_compiled_react-dom_007fiar._.js:7255:167)
    at commitHookPassiveMountEffects (http://localhost:3000/_next/static/chunks/08.h_next_dist_compiled_react-dom_007fiar._.js:7290:60)
    at commitPassiveMountOnFiber (http://localhost:3000/_next/static/chunks/08.h_next_dist_compiled_react-dom_007fiar._.js:8689:33)
    at recursivelyTraversePassiveMountEffects (http://localhost:3000/_next/static/chunks/08.h_next_dist_compiled_react-dom_007fiar._.js:8676:316)
    at commitPassiveMountOnFiber (http://localhost:3000/_next/static/chunks/08.h_next_dist_compiled_react-dom_007fiar._.js:8750:17)
    at recursivelyTraversePassiveMountEffects (http://localhost:3000/_next/static/chunks/08.h_next_dist_compiled_react-dom_007fiar._.js:8676:316)
    at commitPassiveMountOnFiber (http://localhost:3000/_next/static/chunks/08.h_next_dist_compiled_react-dom_007fiar._.js:8688:17)
    at recursivelyTraversePassiveMountEffects (http://localhost:3000/_next/static/chunks/08.h_next_dist_compiled_react-dom_007fiar._.js:8676:316)
    at commitPassiveMountOnFiber (http://localhost:3000/_next/static/chunks/08.h_next_dist_compiled_react-dom_007fiar._.js:8688:17)
    at recursivelyTraversePassiveMountEffects (http://localhost:3000/_next/static/chunks/08.h_next_dist_compiled_react-dom_007fiar._.js:8676:316)
    at commitPassiveMountOnFiber (http://localhost:3000/_next/static/chunks/08.h_next_dist_compiled_react-dom_007fiar._.js:8750:17)
    at recursivelyTraversePassiveMountEffects (http://localhost:3000/_next/static/chunks/08.h_next_dist_compiled_react-dom_007fiar._.js:8676:316)
    at commitPassiveMountOnFiber (http://localhost:3000/_next/static/chunks/08.h_next_dist_compiled_react-dom_007fiar._.js:8750:17)
    at recursivelyTraversePassiveMountEffects (http://localhost:3000/_next/static/chunks/08.h_next_dist_compiled_react-dom_007fiar._.js:8676:316)
    at commitPassiveMountOnFiber (http://localhost:3000/_next/static/chunks/08.h_next_dist_compiled_react-dom_007fiar._.js:8750:17)
    at recursivelyTraversePassiveMountEffects (http://localhost:3000/_next/static/chunks/08.h_next_dist_compiled_react-dom_007fiar._.js:8676:316)
    at commitPassiveMountOnFiber (http://localhost:3000/_next/static/chunks/08.h_next_dist_compiled_react-dom_007fiar._.js:8688:17)
    at recursivelyTraversePassiveMountEffects (http://localhost:3000/_next/static/chunks/08.h_next_dist_compiled_react-dom_007fiar._.js:8676:316)
    at commitPassiveMountOnFiber (http://localhost:3000/_next/static/chunks/08.h_next_dist_compiled_react-dom_007fiar._.js:8688:17)
    at recursivelyTraversePassiveMountEffects (http://localhost:3000/_next/static/chunks/08.h_next_dist_compiled_react-dom_007fiar._.js:8676:316)
    at commitPassiveMountOnFiber (http://localhost:3000/_next/static/chunks/08.h_next_dist_compiled_react-dom_007fiar._.js:8693:17)
    at recursivelyTraversePassiveMountEffects (http://localhost:3000/_next/static/chunks/08.h_next_dist_compiled_react-dom_007fiar._.js:8676:316)
    at commitPassiveMountOnFiber (http://localhost:3000/_next/static/chunks/08.h_next_dist_compiled_react-dom_007fiar._.js:8688:17)
    at recursivelyTraversePassiveMountEffects (http://localhost:3000/_next/static/chunks/08.h_next_dist_compiled_react-dom_007fiar._.js:8676:316)
    at commitPassiveMountOnFiber (http://localhost:3000/_next/static/chunks/08.h_next_dist_compiled_react-dom_007fiar._.js:8693:17)
    at recursivelyTraversePassiveMountEffects (http://localhost:3000/_next/static/chunks/08.h_next_dist_compiled_react-dom_007fiar._.js:8676:316)
    at commitPassiveMountOnFiber (http://localhost:3000/_next/static/chunks/08.h_next_dist_compiled_react-dom_007fiar._.js:8688:17)
    at recursivelyTraversePassiveMountEffects (http://localhost:3000/_next/static/chunks/08.h_next_dist_compiled_react-dom_007fiar._.js:8676:316)
    at commitPassiveMountOnFiber (http://localhost:3000/_next/static/chunks/08.h_next_dist_compiled_react-dom_007fiar._.js:8688:17)
    at recursivelyTraversePassiveMountEffects (http://localhost:3000/_next/static/chunks/08.h_next_dist_compiled_react-dom_007fiar._.js:8676:316)
    at commitPassiveMountOnFiber (http://localhost:3000/_next/static/chunks/08.h_next_dist_compiled_react-dom_007fiar._.js:8693:17)
    at recursivelyTraversePassiveMountEffects (http://localhost:3000/_next/static/chunks/08.h_next_dist_compiled_react-dom_007fiar._.js:8676:316)
    at commitPassiveMountOnFiber (http://localhost:3000/_next/static/chunks/08.h_next_dist_compiled_react-dom_007fiar._.js:8688:17)
    at recursivelyTraversePassiveMountEffects (http://localhost:3000/_next/static/chunks/08.h_next_dist_compiled_react-dom_007fiar._.js:8676:316)
    at commitPassiveMountOnFiber (http://localhost:3000/_next/static/chunks/08.h_next_dist_compiled_react-dom_007fiar._.js:8750:17)
    at recursivelyTraversePassiveMountEffects (http://localhost:3000/_next/static/chunks/08.h_next_dist_compiled_react-dom_007fiar._.js:8676:316)
    at commitPassiveMountOnFiber (http://localhost:3000/_next/static/chunks/08.h_next_dist_compiled_react-dom_007fiar._.js:8750:17)
    at recursivelyTraversePassiveMountEffects (http://localhost:3000/_next/static/chunks/08.h_next_dist_compiled_react-dom_007fiar._.js:8676:316)
    at commitPassiveMountOnFiber (http://localhost:3000/_next/static/chunks/08.h_next_dist_compiled_react-dom_007fiar._.js:8750:17)
    at recursivelyTraversePassiveMountEffects (http://localhost:3000/_next/static/chunks/08.h_next_dist_compiled_react-dom_007fiar._.js:8676:316)
    at commitPassiveMountOnFiber (http://localhost:3000/_next/static/chunks/08.h_next_dist_compiled_react-dom_007fiar._.js:8750:17)
    at recursivelyTraversePassiveMountEffects (http://localhost:3000/_next/static/chunks/08.h_next_dist_compiled_react-dom_007fiar._.js:8676:316)
    at commitPassiveMountOnFiber (http://localhost:3000/_next/static/chunks/08.h_next_dist_compiled_react-dom_007fiar._.js:8750:17)
    at recursivelyTraversePassiveMountEffects (http://localhost:3000/_next/static/chunks/08.h_next_dist_compiled_react-dom_007fiar._.js:8676:316)
    at commitPassiveMountOnFiber (http://localhost:3000/_next/static/chunks/08.h_next_dist_compiled_react-dom_007fiar._.js:8750:17)
    at recursivelyTraversePassiveMountEffects (http://localhost:3000/_next/static/chunks/08.h_next_dist_compiled_react-dom_007fiar._.js:8676:316) @ http://localhost:3000/_next/static/chunks/08.h_next_dist_0ggglf.._.js:3318
[  224048ms] [INFO] %cDownload the React DevTools for a better development experience: https://react.dev/link/react-devtools font-weight:bold @ http://localhost:3000/_next/static/chunks/08.h_next_dist_0ggglf.._.js:2477
[  224060ms] [LOG] [HMR] connected @ http://localhost:3000/_next/static/chunks/08.h_next_dist_0ggglf.._.js:2477
[  224084ms] [ERROR] Failed to fetch applications: TypeError: Cannot read properties of null (reading 'from')
    at fetchApplications (http://localhost:3000/_next/static/chunks/spontus_src_0yx5wbe._.js:1547:196)
    at ApplicationsProvider.useEffect (http://localhost:3000/_next/static/chunks/spontus_src_0yx5wbe._.js:1559:13)
    at Object.react_stack_bottom_frame (http://localhost:3000/_next/static/chunks/08.h_next_dist_compiled_react-dom_007fiar._.js:15087:22)
    at runWithFiberInDEV (http://localhost:3000/_next/static/chunks/08.h_next_dist_compiled_react-dom_007fiar._.js:965:74)
    at commitHookEffectListMount (http://localhost:3000/_next/static/chunks/08.h_next_dist_compiled_react-dom_007fiar._.js:7255:167)
    at commitHookPassiveMountEffects (http://localhost:3000/_next/static/chunks/08.h_next_dist_compiled_react-dom_007fiar._.js:7290:60)
    at commitPassiveMountOnFiber (http://localhost:3000/_next/static/chunks/08.h_next_dist_compiled_react-dom_007fiar._.js:8689:33)
    at recursivelyTraversePassiveMountEffects (http://localhost:3000/_next/static/chunks/08.h_next_dist_compiled_react-dom_007fiar._.js:8676:316)
    at commitPassiveMountOnFiber (http://localhost:3000/_next/static/chunks/08.h_next_dist_compiled_react-dom_007fiar._.js:8750:17)
    at recursivelyTraversePassiveMountEffects (http://localhost:3000/_next/static/chunks/08.h_next_dist_compiled_react-dom_007fiar._.js:8676:316)
    at commitPassiveMountOnFiber (http://localhost:3000/_next/static/chunks/08.h_next_dist_compiled_react-dom_007fiar._.js:8688:17)
    at recursivelyTraversePassiveMountEffects (http://localhost:3000/_next/static/chunks/08.h_next_dist_compiled_react-dom_007fiar._.js:8676:316)
    at commitPassiveMountOnFiber (http://localhost:3000/_next/static/chunks/08.h_next_dist_compiled_react-dom_007fiar._.js:8688:17)
    at recursivelyTraversePassiveMountEffects (http://localhost:3000/_next/static/chunks/08.h_next_dist_compiled_react-dom_007fiar._.js:8676:316)
    at commitPassiveMountOnFiber (http://localhost:3000/_next/static/chunks/08.h_next_dist_compiled_react-dom_007fiar._.js:8750:17)
    at recursivelyTraversePassiveMountEffects (http://localhost:3000/_next/static/chunks/08.h_next_dist_compiled_react-dom_007fiar._.js:8676:316)
    at commitPassiveMountOnFiber (http://localhost:3000/_next/static/chunks/08.h_next_dist_compiled_react-dom_007fiar._.js:8750:17)
    at recursivelyTraversePassiveMountEffects (http://localhost:3000/_next/static/chunks/08.h_next_dist_compiled_react-dom_007fiar._.js:8676:316)
    at commitPassiveMountOnFiber (http://localhost:3000/_next/static/chunks/08.h_next_dist_compiled_react-dom_007fiar._.js:8750:17)
    at recursivelyTraversePassiveMountEffects (http://localhost:3000/_next/static/chunks/08.h_next_dist_compiled_react-dom_007fiar._.js:8676:316)
    at commitPassiveMountOnFiber (http://localhost:3000/_next/static/chunks/08.h_next_dist_compiled_react-dom_007fiar._.js:8688:17)
    at recursivelyTraversePassiveMountEffects (http://localhost:3000/_next/static/chunks/08.h_next_dist_compiled_react-dom_007fiar._.js:8676:316)
    at commitPassiveMountOnFiber (http://localhost:3000/_next/static/chunks/08.h_next_dist_compiled_react-dom_007fiar._.js:8688:17)
    at recursivelyTraversePassiveMountEffects (http://localhost:3000/_next/static/chunks/08.h_next_dist_compiled_react-dom_007fiar._.js:8676:316)
    at commitPassiveMountOnFiber (http://localhost:3000/_next/static/chunks/08.h_next_dist_compiled_react-dom_007fiar._.js:8693:17)
    at recursivelyTraversePassiveMountEffects (http://localhost:3000/_next/static/chunks/08.h_next_dist_compiled_react-dom_007fiar._.js:8676:316)
    at commitPassiveMountOnFiber (http://localhost:3000/_next/static/chunks/08.h_next_dist_compiled_react-dom_007fiar._.js:8688:17)
    at recursivelyTraversePassiveMountEffects (http://localhost:3000/_next/static/chunks/08.h_next_dist_compiled_react-dom_007fiar._.js:8676:316)
    at commitPassiveMountOnFiber (http://localhost:3000/_next/static/chunks/08.h_next_dist_compiled_react-dom_007fiar._.js:8693:17)
    at recursivelyTraversePassiveMountEffects (http://localhost:3000/_next/static/chunks/08.h_next_dist_compiled_react-dom_007fiar._.js:8676:316)
    at commitPassiveMountOnFiber (http://localhost:3000/_next/static/chunks/08.h_next_dist_compiled_react-dom_007fiar._.js:8688:17)
    at recursivelyTraversePassiveMountEffects (http://localhost:3000/_next/static/chunks/08.h_next_dist_compiled_react-dom_007fiar._.js:8676:316)
    at commitPassiveMountOnFiber (http://localhost:3000/_next/static/chunks/08.h_next_dist_compiled_react-dom_007fiar._.js:8688:17)
    at recursivelyTraversePassiveMountEffects (http://localhost:3000/_next/static/chunks/08.h_next_dist_compiled_react-dom_007fiar._.js:8676:316)
    at commitPassiveMountOnFiber (http://localhost:3000/_next/static/chunks/08.h_next_dist_compiled_react-dom_007fiar._.js:8693:17)
    at recursivelyTraversePassiveMountEffects (http://localhost:3000/_next/static/chunks/08.h_next_dist_compiled_react-dom_007fiar._.js:8676:316)
    at commitPassiveMountOnFiber (http://localhost:3000/_next/static/chunks/08.h_next_dist_compiled_react-dom_007fiar._.js:8688:17)
    at recursivelyTraversePassiveMountEffects (http://localhost:3000/_next/static/chunks/08.h_next_dist_compiled_react-dom_007fiar._.js:8676:316)
    at commitPassiveMountOnFiber (http://localhost:3000/_next/static/chunks/08.h_next_dist_compiled_react-dom_007fiar._.js:8750:17)
    at recursivelyTraversePassiveMountEffects (http://localhost:3000/_next/static/chunks/08.h_next_dist_compiled_react-dom_007fiar._.js:8676:316)
    at commitPassiveMountOnFiber (http://localhost:3000/_next/static/chunks/08.h_next_dist_compiled_react-dom_007fiar._.js:8750:17)
    at recursivelyTraversePassiveMountEffects (http://localhost:3000/_next/static/chunks/08.h_next_dist_compiled_react-dom_007fiar._.js:8676:316)
    at commitPassiveMountOnFiber (http://localhost:3000/_next/static/chunks/08.h_next_dist_compiled_react-dom_007fiar._.js:8750:17)
    at recursivelyTraversePassiveMountEffects (http://localhost:3000/_next/static/chunks/08.h_next_dist_compiled_react-dom_007fiar._.js:8676:316)
    at commitPassiveMountOnFiber (http://localhost:3000/_next/static/chunks/08.h_next_dist_compiled_react-dom_007fiar._.js:8750:17)
    at recursivelyTraversePassiveMountEffects (http://localhost:3000/_next/static/chunks/08.h_next_dist_compiled_react-dom_007fiar._.js:8676:316)
    at commitPassiveMountOnFiber (http://localhost:3000/_next/static/chunks/08.h_next_dist_compiled_react-dom_007fiar._.js:8750:17)
    at recursivelyTraversePassiveMountEffects (http://localhost:3000/_next/static/chunks/08.h_next_dist_compiled_react-dom_007fiar._.js:8676:316)
    at commitPassiveMountOnFiber (http://localhost:3000/_next/static/chunks/08.h_next_dist_compiled_react-dom_007fiar._.js:8750:17)
    at recursivelyTraversePassiveMountEffects (http://localhost:3000/_next/static/chunks/08.h_next_dist_compiled_react-dom_007fiar._.js:8676:316) @ http://localhost:3000/_next/static/chunks/08.h_next_dist_0ggglf.._.js:3318
[  267580ms] [INFO] %cDownload the React DevTools for a better development experience: https://react.dev/link/react-devtools font-weight:bold @ http://localhost:3000/_next/static/chunks/08.h_next_dist_0ggglf.._.js:2477
[  267592ms] [LOG] [HMR] connected @ http://localhost:3000/_next/static/chunks/08.h_next_dist_0ggglf.._.js:2477
[  267631ms] [ERROR] Failed to fetch applications: TypeError: Cannot read properties of null (reading 'from')
    at fetchApplications (http://localhost:3000/_next/static/chunks/spontus_src_0yx5wbe._.js:1547:196)
    at ApplicationsProvider.useEffect (http://localhost:3000/_next/static/chunks/spontus_src_0yx5wbe._.js:1559:13)
    at Object.react_stack_bottom_frame (http://localhost:3000/_next/static/chunks/08.h_next_dist_compiled_react-dom_007fiar._.js:15087:22)
    at runWithFiberInDEV (http://localhost:3000/_next/static/chunks/08.h_next_dist_compiled_react-dom_007fiar._.js:965:74)
    at commitHookEffectListMount (http://localhost:3000/_next/static/chunks/08.h_next_dist_compiled_react-dom_007fiar._.js:7255:167)
    at commitHookPassiveMountEffects (http://localhost:3000/_next/static/chunks/08.h_next_dist_compiled_react-dom_007fiar._.js:7290:60)
    at commitPassiveMountOnFiber (http://localhost:3000/_next/static/chunks/08.h_next_dist_compiled_react-dom_007fiar._.js:8689:33)
    at recursivelyTraversePassiveMountEffects (http://localhost:3000/_next/static/chunks/08.h_next_dist_compiled_react-dom_007fiar._.js:8676:316)
    at commitPassiveMountOnFiber (http://localhost:3000/_next/static/chunks/08.h_next_dist_compiled_react-dom_007fiar._.js:8750:17)
    at recursivelyTraversePassiveMountEffects (http://localhost:3000/_next/static/chunks/08.h_next_dist_compiled_react-dom_007fiar._.js:8676:316)
    at commitPassiveMountOnFiber (http://localhost:3000/_next/static/chunks/08.h_next_dist_compiled_react-dom_007fiar._.js:8688:17)
    at recursivelyTraversePassiveMountEffects (http://localhost:3000/_next/static/chunks/08.h_next_dist_compiled_react-dom_007fiar._.js:8676:316)
    at commitPassiveMountOnFiber (http://localhost:3000/_next/static/chunks/08.h_next_dist_compiled_react-dom_007fiar._.js:8688:17)
    at recursivelyTraversePassiveMountEffects (http://localhost:3000/_next/static/chunks/08.h_next_dist_compiled_react-dom_007fiar._.js:8676:316)
    at commitPassiveMountOnFiber (http://localhost:3000/_next/static/chunks/08.h_next_dist_compiled_react-dom_007fiar._.js:8750:17)
    at recursivelyTraversePassiveMountEffects (http://localhost:3000/_next/static/chunks/08.h_next_dist_compiled_react-dom_007fiar._.js:8676:316)
    at commitPassiveMountOnFiber (http://localhost:3000/_next/static/chunks/08.h_next_dist_compiled_react-dom_007fiar._.js:8750:17)
    at recursivelyTraversePassiveMountEffects (http://localhost:3000/_next/static/chunks/08.h_next_dist_compiled_react-dom_007fiar._.js:8676:316)
    at commitPassiveMountOnFiber (http://localhost:3000/_next/static/chunks/08.h_next_dist_compiled_react-dom_007fiar._.js:8750:17)
    at recursivelyTraversePassiveMountEffects (http://localhost:3000/_next/static/chunks/08.h_next_dist_compiled_react-dom_007fiar._.js:8676:316)
    at commitPassiveMountOnFiber (http://localhost:3000/_next/static/chunks/08.h_next_dist_compiled_react-dom_007fiar._.js:8688:17)
    at recursivelyTraversePassiveMountEffects (http://localhost:3000/_next/static/chunks/08.h_next_dist_compiled_react-dom_007fiar._.js:8676:316)
    at commitPassiveMountOnFiber (http://localhost:3000/_next/static/chunks/08.h_next_dist_compiled_react-dom_007fiar._.js:8688:17)
    at recursivelyTraversePassiveMountEffects (http://localhost:3000/_next/static/chunks/08.h_next_dist_compiled_react-dom_007fiar._.js:8676:316)
    at commitPassiveMountOnFiber (http://localhost:3000/_next/static/chunks/08.h_next_dist_compiled_react-dom_007fiar._.js:8693:17)
    at recursivelyTraversePassiveMountEffects (http://localhost:3000/_next/static/chunks/08.h_next_dist_compiled_react-dom_007fiar._.js:8676:316)
    at commitPassiveMountOnFiber (http://localhost:3000/_next/static/chunks/08.h_next_dist_compiled_react-dom_007fiar._.js:8688:17)
    at recursivelyTraversePassiveMountEffects (http://localhost:3000/_next/static/chunks/08.h_next_dist_compiled_react-dom_007fiar._.js:8676:316)
    at commitPassiveMountOnFiber (http://localhost:3000/_next/static/chunks/08.h_next_dist_compiled_react-dom_007fiar._.js:8693:17)
    at recursivelyTraversePassiveMountEffects (http://localhost:3000/_next/static/chunks/08.h_next_dist_compiled_react-dom_007fiar._.js:8676:316)
    at commitPassiveMountOnFiber (http://localhost:3000/_next/static/chunks/08.h_next_dist_compiled_react-dom_007fiar._.js:8688:17)
    at recursivelyTraversePassiveMountEffects (http://localhost:3000/_next/static/chunks/08.h_next_dist_compiled_react-dom_007fiar._.js:8676:316)
    at commitPassiveMountOnFiber (http://localhost:3000/_next/static/chunks/08.h_next_dist_compiled_react-dom_007fiar._.js:8688:17)
    at recursivelyTraversePassiveMountEffects (http://localhost:3000/_next/static/chunks/08.h_next_dist_compiled_react-dom_007fiar._.js:8676:316)
    at commitPassiveMountOnFiber (http://localhost:3000/_next/static/chunks/08.h_next_dist_compiled_react-dom_007fiar._.js:8693:17)
    at recursivelyTraversePassiveMountEffects (http://localhost:3000/_next/static/chunks/08.h_next_dist_compiled_react-dom_007fiar._.js:8676:316)
    at commitPassiveMountOnFiber (http://localhost:3000/_next/static/chunks/08.h_next_dist_compiled_react-dom_007fiar._.js:8688:17)
    at recursivelyTraversePassiveMountEffects (http://localhost:3000/_next/static/chunks/08.h_next_dist_compiled_react-dom_007fiar._.js:8676:316)
    at commitPassiveMountOnFiber (http://localhost:3000/_next/static/chunks/08.h_next_dist_compiled_react-dom_007fiar._.js:8750:17)
    at recursivelyTraversePassiveMountEffects (http://localhost:3000/_next/static/chunks/08.h_next_dist_compiled_react-dom_007fiar._.js:8676:316)
    at commitPassiveMountOnFiber (http://localhost:3000/_next/static/chunks/08.h_next_dist_compiled_react-dom_007fiar._.js:8750:17)
    at recursivelyTraversePassiveMountEffects (http://localhost:3000/_next/static/chunks/08.h_next_dist_compiled_react-dom_007fiar._.js:8676:316)
    at commitPassiveMountOnFiber (http://localhost:3000/_next/static/chunks/08.h_next_dist_compiled_react-dom_007fiar._.js:8750:17)
    at recursivelyTraversePassiveMountEffects (http://localhost:3000/_next/static/chunks/08.h_next_dist_compiled_react-dom_007fiar._.js:8676:316)
    at commitPassiveMountOnFiber (http://localhost:3000/_next/static/chunks/08.h_next_dist_compiled_react-dom_007fiar._.js:8750:17)
    at recursivelyTraversePassiveMountEffects (http://localhost:3000/_next/static/chunks/08.h_next_dist_compiled_react-dom_007fiar._.js:8676:316)
    at commitPassiveMountOnFiber (http://localhost:3000/_next/static/chunks/08.h_next_dist_compiled_react-dom_007fiar._.js:8750:17)
    at recursivelyTraversePassiveMountEffects (http://localhost:3000/_next/static/chunks/08.h_next_dist_compiled_react-dom_007fiar._.js:8676:316)
    at commitPassiveMountOnFiber (http://localhost:3000/_next/static/chunks/08.h_next_dist_compiled_react-dom_007fiar._.js:8750:17)
    at recursivelyTraversePassiveMountEffects (http://localhost:3000/_next/static/chunks/08.h_next_dist_compiled_react-dom_007fiar._.js:8676:316) @ http://localhost:3000/_next/static/chunks/08.h_next_dist_0ggglf.._.js:3318
[  270599ms] [INFO] %cDownload the React DevTools for a better development experience: https://react.dev/link/react-devtools font-weight:bold @ http://localhost:3000/_next/static/chunks/08.h_next_dist_0ggglf.._.js:2477
[  270609ms] [LOG] [HMR] connected @ http://localhost:3000/_next/static/chunks/08.h_next_dist_0ggglf.._.js:2477
[  270627ms] [ERROR] Failed to fetch applications: TypeError: Cannot read properties of null (reading 'from')
    at fetchApplications (http://localhost:3000/_next/static/chunks/spontus_src_0yx5wbe._.js:1547:196)
    at ApplicationsProvider.useEffect (http://localhost:3000/_next/static/chunks/spontus_src_0yx5wbe._.js:1559:13)
    at Object.react_stack_bottom_frame (http://localhost:3000/_next/static/chunks/08.h_next_dist_compiled_react-dom_007fiar._.js:15087:22)
    at runWithFiberInDEV (http://localhost:3000/_next/static/chunks/08.h_next_dist_compiled_react-dom_007fiar._.js:965:74)
    at commitHookEffectListMount (http://localhost:3000/_next/static/chunks/08.h_next_dist_compiled_react-dom_007fiar._.js:7255:167)
    at commitHookPassiveMountEffects (http://localhost:3000/_next/static/chunks/08.h_next_dist_compiled_react-dom_007fiar._.js:7290:60)
    at commitPassiveMountOnFiber (http://localhost:3000/_next/static/chunks/08.h_next_dist_compiled_react-dom_007fiar._.js:8689:33)
    at recursivelyTraversePassiveMountEffects (http://localhost:3000/_next/static/chunks/08.h_next_dist_compiled_react-dom_007fiar._.js:8676:316)
    at commitPassiveMountOnFiber (http://localhost:3000/_next/static/chunks/08.h_next_dist_compiled_react-dom_007fiar._.js:8750:17)
    at recursivelyTraversePassiveMountEffects (http://localhost:3000/_next/static/chunks/08.h_next_dist_compiled_react-dom_007fiar._.js:8676:316)
    at commitPassiveMountOnFiber (http://localhost:3000/_next/static/chunks/08.h_next_dist_compiled_react-dom_007fiar._.js:8688:17)
    at recursivelyTraversePassiveMountEffects (http://localhost:3000/_next/static/chunks/08.h_next_dist_compiled_react-dom_007fiar._.js:8676:316)
    at commitPassiveMountOnFiber (http://localhost:3000/_next/static/chunks/08.h_next_dist_compiled_react-dom_007fiar._.js:8688:17)
    at recursivelyTraversePassiveMountEffects (http://localhost:3000/_next/static/chunks/08.h_next_dist_compiled_react-dom_007fiar._.js:8676:316)
    at commitPassiveMountOnFiber (http://localhost:3000/_next/static/chunks/08.h_next_dist_compiled_react-dom_007fiar._.js:8750:17)
    at recursivelyTraversePassiveMountEffects (http://localhost:3000/_next/static/chunks/08.h_next_dist_compiled_react-dom_007fiar._.js:8676:316)
    at commitPassiveMountOnFiber (http://localhost:3000/_next/static/chunks/08.h_next_dist_compiled_react-dom_007fiar._.js:8750:17)
    at recursivelyTraversePassiveMountEffects (http://localhost:3000/_next/static/chunks/08.h_next_dist_compiled_react-dom_007fiar._.js:8676:316)
    at commitPassiveMountOnFiber (http://localhost:3000/_next/static/chunks/08.h_next_dist_compiled_react-dom_007fiar._.js:8750:17)
    at recursivelyTraversePassiveMountEffects (http://localhost:3000/_next/static/chunks/08.h_next_dist_compiled_react-dom_007fiar._.js:8676:316)
    at commitPassiveMountOnFiber (http://localhost:3000/_next/static/chunks/08.h_next_dist_compiled_react-dom_007fiar._.js:8688:17)
    at recursivelyTraversePassiveMountEffects (http://localhost:3000/_next/static/chunks/08.h_next_dist_compiled_react-dom_007fiar._.js:8676:316)
    at commitPassiveMountOnFiber (http://localhost:3000/_next/static/chunks/08.h_next_dist_compiled_react-dom_007fiar._.js:8688:17)
    at recursivelyTraversePassiveMountEffects (http://localhost:3000/_next/static/chunks/08.h_next_dist_compiled_react-dom_007fiar._.js:8676:316)
    at commitPassiveMountOnFiber (http://localhost:3000/_next/static/chunks/08.h_next_dist_compiled_react-dom_007fiar._.js:8693:17)
    at recursivelyTraversePassiveMountEffects (http://localhost:3000/_next/static/chunks/08.h_next_dist_compiled_react-dom_007fiar._.js:8676:316)
    at commitPassiveMountOnFiber (http://localhost:3000/_next/static/chunks/08.h_next_dist_compiled_react-dom_007fiar._.js:8688:17)
    at recursivelyTraversePassiveMountEffects (http://localhost:3000/_next/static/chunks/08.h_next_dist_compiled_react-dom_007fiar._.js:8676:316)
    at commitPassiveMountOnFiber (http://localhost:3000/_next/static/chunks/08.h_next_dist_compiled_react-dom_007fiar._.js:8693:17)
    at recursivelyTraversePassiveMountEffects (http://localhost:3000/_next/static/chunks/08.h_next_dist_compiled_react-dom_007fiar._.js:8676:316)
    at commitPassiveMountOnFiber (http://localhost:3000/_next/static/chunks/08.h_next_dist_compiled_react-dom_007fiar._.js:8688:17)
    at recursivelyTraversePassiveMountEffects (http://localhost:3000/_next/static/chunks/08.h_next_dist_compiled_react-dom_007fiar._.js:8676:316)
    at commitPassiveMountOnFiber (http://localhost:3000/_next/static/chunks/08.h_next_dist_compiled_react-dom_007fiar._.js:8688:17)
    at recursivelyTraversePassiveMountEffects (http://localhost:3000/_next/static/chunks/08.h_next_dist_compiled_react-dom_007fiar._.js:8676:316)
    at commitPassiveMountOnFiber (http://localhost:3000/_next/static/chunks/08.h_next_dist_compiled_react-dom_007fiar._.js:8693:17)
    at recursivelyTraversePassiveMountEffects (http://localhost:3000/_next/static/chunks/08.h_next_dist_compiled_react-dom_007fiar._.js:8676:316)
    at commitPassiveMountOnFiber (http://localhost:3000/_next/static/chunks/08.h_next_dist_compiled_react-dom_007fiar._.js:8688:17)
    at recursivelyTraversePassiveMountEffects (http://localhost:3000/_next/static/chunks/08.h_next_dist_compiled_react-dom_007fiar._.js:8676:316)
    at commitPassiveMountOnFiber (http://localhost:3000/_next/static/chunks/08.h_next_dist_compiled_react-dom_007fiar._.js:8750:17)
    at recursivelyTraversePassiveMountEffects (http://localhost:3000/_next/static/chunks/08.h_next_dist_compiled_react-dom_007fiar._.js:8676:316)
    at commitPassiveMountOnFiber (http://localhost:3000/_next/static/chunks/08.h_next_dist_compiled_react-dom_007fiar._.js:8750:17)
    at recursivelyTraversePassiveMountEffects (http://localhost:3000/_next/static/chunks/08.h_next_dist_compiled_react-dom_007fiar._.js:8676:316)
    at commitPassiveMountOnFiber (http://localhost:3000/_next/static/chunks/08.h_next_dist_compiled_react-dom_007fiar._.js:8750:17)
    at recursivelyTraversePassiveMountEffects (http://localhost:3000/_next/static/chunks/08.h_next_dist_compiled_react-dom_007fiar._.js:8676:316)
    at commitPassiveMountOnFiber (http://localhost:3000/_next/static/chunks/08.h_next_dist_compiled_react-dom_007fiar._.js:8750:17)
    at recursivelyTraversePassiveMountEffects (http://localhost:3000/_next/static/chunks/08.h_next_dist_compiled_react-dom_007fiar._.js:8676:316)
    at commitPassiveMountOnFiber (http://localhost:3000/_next/static/chunks/08.h_next_dist_compiled_react-dom_007fiar._.js:8750:17)
    at recursivelyTraversePassiveMountEffects (http://localhost:3000/_next/static/chunks/08.h_next_dist_compiled_react-dom_007fiar._.js:8676:316)
    at commitPassiveMountOnFiber (http://localhost:3000/_next/static/chunks/08.h_next_dist_compiled_react-dom_007fiar._.js:8750:17)
    at recursivelyTraversePassiveMountEffects (http://localhost:3000/_next/static/chunks/08.h_next_dist_compiled_react-dom_007fiar._.js:8676:316) @ http://localhost:3000/_next/static/chunks/08.h_next_dist_0ggglf.._.js:3318
[  271553ms] [INFO] %cDownload the React DevTools for a better development experience: https://react.dev/link/react-devtools font-weight:bold @ http://localhost:3000/_next/static/chunks/08.h_next_dist_0ggglf.._.js:2477
[  271562ms] [LOG] [HMR] connected @ http://localhost:3000/_next/static/chunks/08.h_next_dist_0ggglf.._.js:2477
[  271600ms] [ERROR] Failed to fetch applications: TypeError: Cannot read properties of null (reading 'from')
    at fetchApplications (http://localhost:3000/_next/static/chunks/spontus_src_0yx5wbe._.js:1547:196)
    at ApplicationsProvider.useEffect (http://localhost:3000/_next/static/chunks/spontus_src_0yx5wbe._.js:1559:13)
    at Object.react_stack_bottom_frame (http://localhost:3000/_next/static/chunks/08.h_next_dist_compiled_react-dom_007fiar._.js:15087:22)
    at runWithFiberInDEV (http://localhost:3000/_next/static/chunks/08.h_next_dist_compiled_react-dom_007fiar._.js:965:74)
    at commitHookEffectListMount (http://localhost:3000/_next/static/chunks/08.h_next_dist_compiled_react-dom_007fiar._.js:7255:167)
    at commitHookPassiveMountEffects (http://localhost:3000/_next/static/chunks/08.h_next_dist_compiled_react-dom_007fiar._.js:7290:60)
    at commitPassiveMountOnFiber (http://localhost:3000/_next/static/chunks/08.h_next_dist_compiled_react-dom_007fiar._.js:8689:33)
    at recursivelyTraversePassiveMountEffects (http://localhost:3000/_next/static/chunks/08.h_next_dist_compiled_react-dom_007fiar._.js:8676:316)
    at commitPassiveMountOnFiber (http://localhost:3000/_next/static/chunks/08.h_next_dist_compiled_react-dom_007fiar._.js:8750:17)
    at recursivelyTraversePassiveMountEffects (http://localhost:3000/_next/static/chunks/08.h_next_dist_compiled_react-dom_007fiar._.js:8676:316)
    at commitPassiveMountOnFiber (http://localhost:3000/_next/static/chunks/08.h_next_dist_compiled_react-dom_007fiar._.js:8688:17)
    at recursivelyTraversePassiveMountEffects (http://localhost:3000/_next/static/chunks/08.h_next_dist_compiled_react-dom_007fiar._.js:8676:316)
    at commitPassiveMountOnFiber (http://localhost:3000/_next/static/chunks/08.h_next_dist_compiled_react-dom_007fiar._.js:8688:17)
    at recursivelyTraversePassiveMountEffects (http://localhost:3000/_next/static/chunks/08.h_next_dist_compiled_react-dom_007fiar._.js:8676:316)
    at commitPassiveMountOnFiber (http://localhost:3000/_next/static/chunks/08.h_next_dist_compiled_react-dom_007fiar._.js:8750:17)
    at recursivelyTraversePassiveMountEffects (http://localhost:3000/_next/static/chunks/08.h_next_dist_compiled_react-dom_007fiar._.js:8676:316)
    at commitPassiveMountOnFiber (http://localhost:3000/_next/static/chunks/08.h_next_dist_compiled_react-dom_007fiar._.js:8750:17)
    at recursivelyTraversePassiveMountEffects (http://localhost:3000/_next/static/chunks/08.h_next_dist_compiled_react-dom_007fiar._.js:8676:316)
    at commitPassiveMountOnFiber (http://localhost:3000/_next/static/chunks/08.h_next_dist_compiled_react-dom_007fiar._.js:8750:17)
    at recursivelyTraversePassiveMountEffects (http://localhost:3000/_next/static/chunks/08.h_next_dist_compiled_react-dom_007fiar._.js:8676:316)
    at commitPassiveMountOnFiber (http://localhost:3000/_next/static/chunks/08.h_next_dist_compiled_react-dom_007fiar._.js:8688:17)
    at recursivelyTraversePassiveMountEffects (http://localhost:3000/_next/static/chunks/08.h_next_dist_compiled_react-dom_007fiar._.js:8676:316)
    at commitPassiveMountOnFiber (http://localhost:3000/_next/static/chunks/08.h_next_dist_compiled_react-dom_007fiar._.js:8688:17)
    at recursivelyTraversePassiveMountEffects (http://localhost:3000/_next/static/chunks/08.h_next_dist_compiled_react-dom_007fiar._.js:8676:316)
    at commitPassiveMountOnFiber (http://localhost:3000/_next/static/chunks/08.h_next_dist_compiled_react-dom_007fiar._.js:8693:17)
    at recursivelyTraversePassiveMountEffects (http://localhost:3000/_next/static/chunks/08.h_next_dist_compiled_react-dom_007fiar._.js:8676:316)
    at commitPassiveMountOnFiber (http://localhost:3000/_next/static/chunks/08.h_next_dist_compiled_react-dom_007fiar._.js:8688:17)
    at recursivelyTraversePassiveMountEffects (http://localhost:3000/_next/static/chunks/08.h_next_dist_compiled_react-dom_007fiar._.js:8676:316)
    at commitPassiveMountOnFiber (http://localhost:3000/_next/static/chunks/08.h_next_dist_compiled_react-dom_007fiar._.js:8693:17)
    at recursivelyTraversePassiveMountEffects (http://localhost:3000/_next/static/chunks/08.h_next_dist_compiled_react-dom_007fiar._.js:8676:316)
    at commitPassiveMountOnFiber (http://localhost:3000/_next/static/chunks/08.h_next_dist_compiled_react-dom_007fiar._.js:8688:17)
    at recursivelyTraversePassiveMountEffects (http://localhost:3000/_next/static/chunks/08.h_next_dist_compiled_react-dom_007fiar._.js:8676:316)
    at commitPassiveMountOnFiber (http://localhost:3000/_next/static/chunks/08.h_next_dist_compiled_react-dom_007fiar._.js:8688:17)
    at recursivelyTraversePassiveMountEffects (http://localhost:3000/_next/static/chunks/08.h_next_dist_compiled_react-dom_007fiar._.js:8676:316)
    at commitPassiveMountOnFiber (http://localhost:3000/_next/static/chunks/08.h_next_dist_compiled_react-dom_007fiar._.js:8693:17)
    at recursivelyTraversePassiveMountEffects (http://localhost:3000/_next/static/chunks/08.h_next_dist_compiled_react-dom_007fiar._.js:8676:316)
    at commitPassiveMountOnFiber (http://localhost:3000/_next/static/chunks/08.h_next_dist_compiled_react-dom_007fiar._.js:8688:17)
    at recursivelyTraversePassiveMountEffects (http://localhost:3000/_next/static/chunks/08.h_next_dist_compiled_react-dom_007fiar._.js:8676:316)
    at commitPassiveMountOnFiber (http://localhost:3000/_next/static/chunks/08.h_next_dist_compiled_react-dom_007fiar._.js:8750:17)
    at recursivelyTraversePassiveMountEffects (http://localhost:3000/_next/static/chunks/08.h_next_dist_compiled_react-dom_007fiar._.js:8676:316)
    at commitPassiveMountOnFiber (http://localhost:3000/_next/static/chunks/08.h_next_dist_compiled_react-dom_007fiar._.js:8750:17)
    at recursivelyTraversePassiveMountEffects (http://localhost:3000/_next/static/chunks/08.h_next_dist_compiled_react-dom_007fiar._.js:8676:316)
    at commitPassiveMountOnFiber (http://localhost:3000/_next/static/chunks/08.h_next_dist_compiled_react-dom_007fiar._.js:8750:17)
    at recursivelyTraversePassiveMountEffects (http://localhost:3000/_next/static/chunks/08.h_next_dist_compiled_react-dom_007fiar._.js:8676:316)
    at commitPassiveMountOnFiber (http://localhost:3000/_next/static/chunks/08.h_next_dist_compiled_react-dom_007fiar._.js:8750:17)
    at recursivelyTraversePassiveMountEffects (http://localhost:3000/_next/static/chunks/08.h_next_dist_compiled_react-dom_007fiar._.js:8676:316)
    at commitPassiveMountOnFiber (http://localhost:3000/_next/static/chunks/08.h_next_dist_compiled_react-dom_007fiar._.js:8750:17)
    at recursivelyTraversePassiveMountEffects (http://localhost:3000/_next/static/chunks/08.h_next_dist_compiled_react-dom_007fiar._.js:8676:316)
    at commitPassiveMountOnFiber (http://localhost:3000/_next/static/chunks/08.h_next_dist_compiled_react-dom_007fiar._.js:8750:17)
    at recursivelyTraversePassiveMountEffects (http://localhost:3000/_next/static/chunks/08.h_next_dist_compiled_react-dom_007fiar._.js:8676:316) @ http://localhost:3000/_next/static/chunks/08.h_next_dist_0ggglf.._.js:3318
[  273503ms] [INFO] %cDownload the React DevTools for a better development experience: https://react.dev/link/react-devtools font-weight:bold @ http://localhost:3000/_next/static/chunks/08.h_next_dist_0ggglf.._.js:2477
[  273514ms] [LOG] [HMR] connected @ http://localhost:3000/_next/static/chunks/08.h_next_dist_0ggglf.._.js:2477
[  273528ms] [ERROR] Failed to fetch applications: TypeError: Cannot read properties of null (reading 'from')
    at fetchApplications (http://localhost:3000/_next/static/chunks/spontus_src_0yx5wbe._.js:1547:196)
    at ApplicationsProvider.useEffect (http://localhost:3000/_next/static/chunks/spontus_src_0yx5wbe._.js:1559:13)
    at Object.react_stack_bottom_frame (http://localhost:3000/_next/static/chunks/08.h_next_dist_compiled_react-dom_007fiar._.js:15087:22)
    at runWithFiberInDEV (http://localhost:3000/_next/static/chunks/08.h_next_dist_compiled_react-dom_007fiar._.js:965:74)
    at commitHookEffectListMount (http://localhost:3000/_next/static/chunks/08.h_next_dist_compiled_react-dom_007fiar._.js:7255:167)
    at commitHookPassiveMountEffects (http://localhost:3000/_next/static/chunks/08.h_next_dist_compiled_react-dom_007fiar._.js:7290:60)
    at commitPassiveMountOnFiber (http://localhost:3000/_next/static/chunks/08.h_next_dist_compiled_react-dom_007fiar._.js:8689:33)
    at recursivelyTraversePassiveMountEffects (http://localhost:3000/_next/static/chunks/08.h_next_dist_compiled_react-dom_007fiar._.js:8676:316)
    at commitPassiveMountOnFiber (http://localhost:3000/_next/static/chunks/08.h_next_dist_compiled_react-dom_007fiar._.js:8750:17)
    at recursivelyTraversePassiveMountEffects (http://localhost:3000/_next/static/chunks/08.h_next_dist_compiled_react-dom_007fiar._.js:8676:316)
    at commitPassiveMountOnFiber (http://localhost:3000/_next/static/chunks/08.h_next_dist_compiled_react-dom_007fiar._.js:8688:17)
    at recursivelyTraversePassiveMountEffects (http://localhost:3000/_next/static/chunks/08.h_next_dist_compiled_react-dom_007fiar._.js:8676:316)
    at commitPassiveMountOnFiber (http://localhost:3000/_next/static/chunks/08.h_next_dist_compiled_react-dom_007fiar._.js:8688:17)
    at recursivelyTraversePassiveMountEffects (http://localhost:3000/_next/static/chunks/08.h_next_dist_compiled_react-dom_007fiar._.js:8676:316)
    at commitPassiveMountOnFiber (http://localhost:3000/_next/static/chunks/08.h_next_dist_compiled_react-dom_007fiar._.js:8750:17)
    at recursivelyTraversePassiveMountEffects (http://localhost:3000/_next/static/chunks/08.h_next_dist_compiled_react-dom_007fiar._.js:8676:316)
    at commitPassiveMountOnFiber (http://localhost:3000/_next/static/chunks/08.h_next_dist_compiled_react-dom_007fiar._.js:8750:17)
    at recursivelyTraversePassiveMountEffects (http://localhost:3000/_next/static/chunks/08.h_next_dist_compiled_react-dom_007fiar._.js:8676:316)
    at commitPassiveMountOnFiber (http://localhost:3000/_next/static/chunks/08.h_next_dist_compiled_react-dom_007fiar._.js:8750:17)
    at recursivelyTraversePassiveMountEffects (http://localhost:3000/_next/static/chunks/08.h_next_dist_compiled_react-dom_007fiar._.js:8676:316)
    at commitPassiveMountOnFiber (http://localhost:3000/_next/static/chunks/08.h_next_dist_compiled_react-dom_007fiar._.js:8688:17)
    at recursivelyTraversePassiveMountEffects (http://localhost:3000/_next/static/chunks/08.h_next_dist_compiled_react-dom_007fiar._.js:8676:316)
    at commitPassiveMountOnFiber (http://localhost:3000/_next/static/chunks/08.h_next_dist_compiled_react-dom_007fiar._.js:8688:17)
    at recursivelyTraversePassiveMountEffects (http://localhost:3000/_next/static/chunks/08.h_next_dist_compiled_react-dom_007fiar._.js:8676:316)
    at commitPassiveMountOnFiber (http://localhost:3000/_next/static/chunks/08.h_next_dist_compiled_react-dom_007fiar._.js:8693:17)
    at recursivelyTraversePassiveMountEffects (http://localhost:3000/_next/static/chunks/08.h_next_dist_compiled_react-dom_007fiar._.js:8676:316)
    at commitPassiveMountOnFiber (http://localhost:3000/_next/static/chunks/08.h_next_dist_compiled_react-dom_007fiar._.js:8688:17)
    at recursivelyTraversePassiveMountEffects (http://localhost:3000/_next/static/chunks/08.h_next_dist_compiled_react-dom_007fiar._.js:8676:316)
    at commitPassiveMountOnFiber (http://localhost:3000/_next/static/chunks/08.h_next_dist_compiled_react-dom_007fiar._.js:8693:17)
    at recursivelyTraversePassiveMountEffects (http://localhost:3000/_next/static/chunks/08.h_next_dist_compiled_react-dom_007fiar._.js:8676:316)
    at commitPassiveMountOnFiber (http://localhost:3000/_next/static/chunks/08.h_next_dist_compiled_react-dom_007fiar._.js:8688:17)
    at recursivelyTraversePassiveMountEffects (http://localhost:3000/_next/static/chunks/08.h_next_dist_compiled_react-dom_007fiar._.js:8676:316)
    at commitPassiveMountOnFiber (http://localhost:3000/_next/static/chunks/08.h_next_dist_compiled_react-dom_007fiar._.js:8688:17)
    at recursivelyTraversePassiveMountEffects (http://localhost:3000/_next/static/chunks/08.h_next_dist_compiled_react-dom_007fiar._.js:8676:316)
    at commitPassiveMountOnFiber (http://localhost:3000/_next/static/chunks/08.h_next_dist_compiled_react-dom_007fiar._.js:8693:17)
    at recursivelyTraversePassiveMountEffects (http://localhost:3000/_next/static/chunks/08.h_next_dist_compiled_react-dom_007fiar._.js:8676:316)
    at commitPassiveMountOnFiber (http://localhost:3000/_next/static/chunks/08.h_next_dist_compiled_react-dom_007fiar._.js:8688:17)
    at recursivelyTraversePassiveMountEffects (http://localhost:3000/_next/static/chunks/08.h_next_dist_compiled_react-dom_007fiar._.js:8676:316)
    at commitPassiveMountOnFiber (http://localhost:3000/_next/static/chunks/08.h_next_dist_compiled_react-dom_007fiar._.js:8750:17)
    at recursivelyTraversePassiveMountEffects (http://localhost:3000/_next/static/chunks/08.h_next_dist_compiled_react-dom_007fiar._.js:8676:316)
    at commitPassiveMountOnFiber (http://localhost:3000/_next/static/chunks/08.h_next_dist_compiled_react-dom_007fiar._.js:8750:17)
    at recursivelyTraversePassiveMountEffects (http://localhost:3000/_next/static/chunks/08.h_next_dist_compiled_react-dom_007fiar._.js:8676:316)
    at commitPassiveMountOnFiber (http://localhost:3000/_next/static/chunks/08.h_next_dist_compiled_react-dom_007fiar._.js:8750:17)
    at recursivelyTraversePassiveMountEffects (http://localhost:3000/_next/static/chunks/08.h_next_dist_compiled_react-dom_007fiar._.js:8676:316)
    at commitPassiveMountOnFiber (http://localhost:3000/_next/static/chunks/08.h_next_dist_compiled_react-dom_007fiar._.js:8750:17)
    at recursivelyTraversePassiveMountEffects (http://localhost:3000/_next/static/chunks/08.h_next_dist_compiled_react-dom_007fiar._.js:8676:316)
    at commitPassiveMountOnFiber (http://localhost:3000/_next/static/chunks/08.h_next_dist_compiled_react-dom_007fiar._.js:8750:17)
    at recursivelyTraversePassiveMountEffects (http://localhost:3000/_next/static/chunks/08.h_next_dist_compiled_react-dom_007fiar._.js:8676:316)
    at commitPassiveMountOnFiber (http://localhost:3000/_next/static/chunks/08.h_next_dist_compiled_react-dom_007fiar._.js:8750:17)
    at recursivelyTraversePassiveMountEffects (http://localhost:3000/_next/static/chunks/08.h_next_dist_compiled_react-dom_007fiar._.js:8676:316) @ http://localhost:3000/_next/static/chunks/08.h_next_dist_0ggglf.._.js:3318
[  273529ms] [ERROR] Failed to fetch applications: TypeError: Cannot read properties of null (reading 'from')
    at getApplicationsForTeam (http://localhost:3000/_next/static/chunks/spontus_src_0yx5wbe._.js:1317:180)
    at fetchApplications (http://localhost:3000/_next/static/chunks/spontus_src_0wfol3g._.js:587:197)
    at ApplicationStatusBoard.useEffect (http://localhost:3000/_next/static/chunks/spontus_src_0wfol3g._.js:596:13)
    at Object.react_stack_bottom_frame (http://localhost:3000/_next/static/chunks/08.h_next_dist_compiled_react-dom_007fiar._.js:15087:22)
    at runWithFiberInDEV (http://localhost:3000/_next/static/chunks/08.h_next_dist_compiled_react-dom_007fiar._.js:965:74)
    at commitHookEffectListMount (http://localhost:3000/_next/static/chunks/08.h_next_dist_compiled_react-dom_007fiar._.js:7255:167)
    at commitHookPassiveMountEffects (http://localhost:3000/_next/static/chunks/08.h_next_dist_compiled_react-dom_007fiar._.js:7290:60)
    at commitPassiveMountOnFiber (http://localhost:3000/_next/static/chunks/08.h_next_dist_compiled_react-dom_007fiar._.js:8689:33)
    at recursivelyTraversePassiveMountEffects (http://localhost:3000/_next/static/chunks/08.h_next_dist_compiled_react-dom_007fiar._.js:8676:316)
    at commitPassiveMountOnFiber (http://localhost:3000/_next/static/chunks/08.h_next_dist_compiled_react-dom_007fiar._.js:8750:17)
    at recursivelyTraversePassiveMountEffects (http://localhost:3000/_next/static/chunks/08.h_next_dist_compiled_react-dom_007fiar._.js:8676:316)
    at commitPassiveMountOnFiber (http://localhost:3000/_next/static/chunks/08.h_next_dist_compiled_react-dom_007fiar._.js:8750:17)
    at recursivelyTraversePassiveMountEffects (http://localhost:3000/_next/static/chunks/08.h_next_dist_compiled_react-dom_007fiar._.js:8676:316)
    at commitPassiveMountOnFiber (http://localhost:3000/_next/static/chunks/08.h_next_dist_compiled_react-dom_007fiar._.js:8688:17)
    at recursivelyTraversePassiveMountEffects (http://localhost:3000/_next/static/chunks/08.h_next_dist_compiled_react-dom_007fiar._.js:8676:316)
    at commitPassiveMountOnFiber (http://localhost:3000/_next/static/chunks/08.h_next_dist_compiled_react-dom_007fiar._.js:8688:17)
    at recursivelyTraversePassiveMountEffects (http://localhost:3000/_next/static/chunks/08.h_next_dist_compiled_react-dom_007fiar._.js:8676:316)
    at commitPassiveMountOnFiber (http://localhost:3000/_next/static/chunks/08.h_next_dist_compiled_react-dom_007fiar._.js:8688:17)
    at recursivelyTraversePassiveMountEffects (http://localhost:3000/_next/static/chunks/08.h_next_dist_compiled_react-dom_007fiar._.js:8676:316)
    at commitPassiveMountOnFiber (http://localhost:3000/_next/static/chunks/08.h_next_dist_compiled_react-dom_007fiar._.js:8750:17)
    at recursivelyTraversePassiveMountEffects (http://localhost:3000/_next/static/chunks/08.h_next_dist_compiled_react-dom_007fiar._.js:8676:316)
    at commitPassiveMountOnFiber (http://localhost:3000/_next/static/chunks/08.h_next_dist_compiled_react-dom_007fiar._.js:8750:17)
    at recursivelyTraversePassiveMountEffects (http://localhost:3000/_next/static/chunks/08.h_next_dist_compiled_react-dom_007fiar._.js:8676:316)
    at commitPassiveMountOnFiber (http://localhost:3000/_next/static/chunks/08.h_next_dist_compiled_react-dom_007fiar._.js:8688:17)
    at recursivelyTraversePassiveMountEffects (http://localhost:3000/_next/static/chunks/08.h_next_dist_compiled_react-dom_007fiar._.js:8676:316)
    at commitPassiveMountOnFiber (http://localhost:3000/_next/static/chunks/08.h_next_dist_compiled_react-dom_007fiar._.js:8693:17)
    at recursivelyTraversePassiveMountEffects (http://localhost:3000/_next/static/chunks/08.h_next_dist_compiled_react-dom_007fiar._.js:8676:316)
    at commitPassiveMountOnFiber (http://localhost:3000/_next/static/chunks/08.h_next_dist_compiled_react-dom_007fiar._.js:8688:17)
    at recursivelyTraversePassiveMountEffects (http://localhost:3000/_next/static/chunks/08.h_next_dist_compiled_react-dom_007fiar._.js:8676:316)
    at commitPassiveMountOnFiber (http://localhost:3000/_next/static/chunks/08.h_next_dist_compiled_react-dom_007fiar._.js:8688:17)
    at recursivelyTraversePassiveMountEffects (http://localhost:3000/_next/static/chunks/08.h_next_dist_compiled_react-dom_007fiar._.js:8676:316)
    at commitPassiveMountOnFiber (http://localhost:3000/_next/static/chunks/08.h_next_dist_compiled_react-dom_007fiar._.js:8688:17)
    at recursivelyTraversePassiveMountEffects (http://localhost:3000/_next/static/chunks/08.h_next_dist_compiled_react-dom_007fiar._.js:8676:316)
    at commitPassiveMountOnFiber (http://localhost:3000/_next/static/chunks/08.h_next_dist_compiled_react-dom_007fiar._.js:8688:17)
    at recursivelyTraversePassiveMountEffects (http://localhost:3000/_next/static/chunks/08.h_next_dist_compiled_react-dom_007fiar._.js:8676:316)
    at commitPassiveMountOnFiber (http://localhost:3000/_next/static/chunks/08.h_next_dist_compiled_react-dom_007fiar._.js:8693:17)
    at recursivelyTraversePassiveMountEffects (http://localhost:3000/_next/static/chunks/08.h_next_dist_compiled_react-dom_007fiar._.js:8676:316)
    at commitPassiveMountOnFiber (http://localhost:3000/_next/static/chunks/08.h_next_dist_compiled_react-dom_007fiar._.js:8688:17)
    at recursivelyTraversePassiveMountEffects (http://localhost:3000/_next/static/chunks/08.h_next_dist_compiled_react-dom_007fiar._.js:8676:316)
    at commitPassiveMountOnFiber (http://localhost:3000/_next/static/chunks/08.h_next_dist_compiled_react-dom_007fiar._.js:8688:17)
    at recursivelyTraversePassiveMountEffects (http://localhost:3000/_next/static/chunks/08.h_next_dist_compiled_react-dom_007fiar._.js:8676:316)
    at commitPassiveMountOnFiber (http://localhost:3000/_next/static/chunks/08.h_next_dist_compiled_react-dom_007fiar._.js:8750:17)
    at recursivelyTraversePassiveMountEffects (http://localhost:3000/_next/static/chunks/08.h_next_dist_compiled_react-dom_007fiar._.js:8676:316)
    at commitPassiveMountOnFiber (http://localhost:3000/_next/static/chunks/08.h_next_dist_compiled_react-dom_007fiar._.js:8750:17)
    at recursivelyTraversePassiveMountEffects (http://localhost:3000/_next/static/chunks/08.h_next_dist_compiled_react-dom_007fiar._.js:8676:316)
    at commitPassiveMountOnFiber (http://localhost:3000/_next/static/chunks/08.h_next_dist_compiled_react-dom_007fiar._.js:8688:17)
    at recursivelyTraversePassiveMountEffects (http://localhost:3000/_next/static/chunks/08.h_next_dist_compiled_react-dom_007fiar._.js:8676:316)
    at commitPassiveMountOnFiber (http://localhost:3000/_next/static/chunks/08.h_next_dist_compiled_react-dom_007fiar._.js:8688:17)
    at recursivelyTraversePassiveMountEffects (http://localhost:3000/_next/static/chunks/08.h_next_dist_compiled_react-dom_007fiar._.js:8676:316)
    at commitPassiveMountOnFiber (http://localhost:3000/_next/static/chunks/08.h_next_dist_compiled_react-dom_007fiar._.js:8750:17) @ http://localhost:3000/_next/static/chunks/08.h_next_dist_0ggglf.._.js:3318
[  274247ms] [INFO] %cDownload the React DevTools for a better development experience: https://react.dev/link/react-devtools font-weight:bold @ http://localhost:3000/_next/static/chunks/08.h_next_dist_0ggglf.._.js:2477
[  274256ms] [LOG] [HMR] connected @ http://localhost:3000/_next/static/chunks/08.h_next_dist_0ggglf.._.js:2477
[  274290ms] [ERROR] Failed to fetch applications: TypeError: Cannot read properties of null (reading 'from')
    at fetchApplications (http://localhost:3000/_next/static/chunks/spontus_src_0yx5wbe._.js:1547:196)
    at ApplicationsProvider.useEffect (http://localhost:3000/_next/static/chunks/spontus_src_0yx5wbe._.js:1559:13)
    at Object.react_stack_bottom_frame (http://localhost:3000/_next/static/chunks/08.h_next_dist_compiled_react-dom_007fiar._.js:15087:22)
    at runWithFiberInDEV (http://localhost:3000/_next/static/chunks/08.h_next_dist_compiled_react-dom_007fiar._.js:965:74)
    at commitHookEffectListMount (http://localhost:3000/_next/static/chunks/08.h_next_dist_compiled_react-dom_007fiar._.js:7255:167)
    at commitHookPassiveMountEffects (http://localhost:3000/_next/static/chunks/08.h_next_dist_compiled_react-dom_007fiar._.js:7290:60)
    at commitPassiveMountOnFiber (http://localhost:3000/_next/static/chunks/08.h_next_dist_compiled_react-dom_007fiar._.js:8689:33)
    at recursivelyTraversePassiveMountEffects (http://localhost:3000/_next/static/chunks/08.h_next_dist_compiled_react-dom_007fiar._.js:8676:316)
    at commitPassiveMountOnFiber (http://localhost:3000/_next/static/chunks/08.h_next_dist_compiled_react-dom_007fiar._.js:8750:17)
    at recursivelyTraversePassiveMountEffects (http://localhost:3000/_next/static/chunks/08.h_next_dist_compiled_react-dom_007fiar._.js:8676:316)
    at commitPassiveMountOnFiber (http://localhost:3000/_next/static/chunks/08.h_next_dist_compiled_react-dom_007fiar._.js:8688:17)
    at recursivelyTraversePassiveMountEffects (http://localhost:3000/_next/static/chunks/08.h_next_dist_compiled_react-dom_007fiar._.js:8676:316)
    at commitPassiveMountOnFiber (http://localhost:3000/_next/static/chunks/08.h_next_dist_compiled_react-dom_007fiar._.js:8688:17)
    at recursivelyTraversePassiveMountEffects (http://localhost:3000/_next/static/chunks/08.h_next_dist_compiled_react-dom_007fiar._.js:8676:316)
    at commitPassiveMountOnFiber (http://localhost:3000/_next/static/chunks/08.h_next_dist_compiled_react-dom_007fiar._.js:8750:17)
    at recursivelyTraversePassiveMountEffects (http://localhost:3000/_next/static/chunks/08.h_next_dist_compiled_react-dom_007fiar._.js:8676:316)
    at commitPassiveMountOnFiber (http://localhost:3000/_next/static/chunks/08.h_next_dist_compiled_react-dom_007fiar._.js:8750:17)
    at recursivelyTraversePassiveMountEffects (http://localhost:3000/_next/static/chunks/08.h_next_dist_compiled_react-dom_007fiar._.js:8676:316)
    at commitPassiveMountOnFiber (http://localhost:3000/_next/static/chunks/08.h_next_dist_compiled_react-dom_007fiar._.js:8750:17)
    at recursivelyTraversePassiveMountEffects (http://localhost:3000/_next/static/chunks/08.h_next_dist_compiled_react-dom_007fiar._.js:8676:316)
    at commitPassiveMountOnFiber (http://localhost:3000/_next/static/chunks/08.h_next_dist_compiled_react-dom_007fiar._.js:8688:17)
    at recursivelyTraversePassiveMountEffects (http://localhost:3000/_next/static/chunks/08.h_next_dist_compiled_react-dom_007fiar._.js:8676:316)
    at commitPassiveMountOnFiber (http://localhost:3000/_next/static/chunks/08.h_next_dist_compiled_react-dom_007fiar._.js:8688:17)
    at recursivelyTraversePassiveMountEffects (http://localhost:3000/_next/static/chunks/08.h_next_dist_compiled_react-dom_007fiar._.js:8676:316)
    at commitPassiveMountOnFiber (http://localhost:3000/_next/static/chunks/08.h_next_dist_compiled_react-dom_007fiar._.js:8693:17)
    at recursivelyTraversePassiveMountEffects (http://localhost:3000/_next/static/chunks/08.h_next_dist_compiled_react-dom_007fiar._.js:8676:316)
    at commitPassiveMountOnFiber (http://localhost:3000/_next/static/chunks/08.h_next_dist_compiled_react-dom_007fiar._.js:8688:17)
    at recursivelyTraversePassiveMountEffects (http://localhost:3000/_next/static/chunks/08.h_next_dist_compiled_react-dom_007fiar._.js:8676:316)
    at commitPassiveMountOnFiber (http://localhost:3000/_next/static/chunks/08.h_next_dist_compiled_react-dom_007fiar._.js:8693:17)
    at recursivelyTraversePassiveMountEffects (http://localhost:3000/_next/static/chunks/08.h_next_dist_compiled_react-dom_007fiar._.js:8676:316)
    at commitPassiveMountOnFiber (http://localhost:3000/_next/static/chunks/08.h_next_dist_compiled_react-dom_007fiar._.js:8688:17)
    at recursivelyTraversePassiveMountEffects (http://localhost:3000/_next/static/chunks/08.h_next_dist_compiled_react-dom_007fiar._.js:8676:316)
    at commitPassiveMountOnFiber (http://localhost:3000/_next/static/chunks/08.h_next_dist_compiled_react-dom_007fiar._.js:8688:17)
    at recursivelyTraversePassiveMountEffects (http://localhost:3000/_next/static/chunks/08.h_next_dist_compiled_react-dom_007fiar._.js:8676:316)
    at commitPassiveMountOnFiber (http://localhost:3000/_next/static/chunks/08.h_next_dist_compiled_react-dom_007fiar._.js:8693:17)
    at recursivelyTraversePassiveMountEffects (http://localhost:3000/_next/static/chunks/08.h_next_dist_compiled_react-dom_007fiar._.js:8676:316)
    at commitPassiveMountOnFiber (http://localhost:3000/_next/static/chunks/08.h_next_dist_compiled_react-dom_007fiar._.js:8688:17)
    at recursivelyTraversePassiveMountEffects (http://localhost:3000/_next/static/chunks/08.h_next_dist_compiled_react-dom_007fiar._.js:8676:316)
    at commitPassiveMountOnFiber (http://localhost:3000/_next/static/chunks/08.h_next_dist_compiled_react-dom_007fiar._.js:8750:17)
    at recursivelyTraversePassiveMountEffects (http://localhost:3000/_next/static/chunks/08.h_next_dist_compiled_react-dom_007fiar._.js:8676:316)
    at commitPassiveMountOnFiber (http://localhost:3000/_next/static/chunks/08.h_next_dist_compiled_react-dom_007fiar._.js:8750:17)
    at recursivelyTraversePassiveMountEffects (http://localhost:3000/_next/static/chunks/08.h_next_dist_compiled_react-dom_007fiar._.js:8676:316)
    at commitPassiveMountOnFiber (http://localhost:3000/_next/static/chunks/08.h_next_dist_compiled_react-dom_007fiar._.js:8750:17)
    at recursivelyTraversePassiveMountEffects (http://localhost:3000/_next/static/chunks/08.h_next_dist_compiled_react-dom_007fiar._.js:8676:316)
    at commitPassiveMountOnFiber (http://localhost:3000/_next/static/chunks/08.h_next_dist_compiled_react-dom_007fiar._.js:8750:17)
    at recursivelyTraversePassiveMountEffects (http://localhost:3000/_next/static/chunks/08.h_next_dist_compiled_react-dom_007fiar._.js:8676:316)
    at commitPassiveMountOnFiber (http://localhost:3000/_next/static/chunks/08.h_next_dist_compiled_react-dom_007fiar._.js:8750:17)
    at recursivelyTraversePassiveMountEffects (http://localhost:3000/_next/static/chunks/08.h_next_dist_compiled_react-dom_007fiar._.js:8676:316)
    at commitPassiveMountOnFiber (http://localhost:3000/_next/static/chunks/08.h_next_dist_compiled_react-dom_007fiar._.js:8750:17)
    at recursivelyTraversePassiveMountEffects (http://localhost:3000/_next/static/chunks/08.h_next_dist_compiled_react-dom_007fiar._.js:8676:316) @ http://localhost:3000/_next/static/chunks/08.h_next_dist_0ggglf.._.js:3318
